SeqName	Start	End	MeanX	MedX	ModeX	DensX	CN	CIsyst	CIrand	DensK	SelfK	HomPC
NC_057916.1	1	87811904	52.61	52	52	51.93	0.99	0.27	0.27	NA	NA	NA
NC_057917.1	1	84316875	52.5	52	52	52.07	0.99	0.27	0.27	NA	NA	NA
NC_057918.1	1	72751598	52.85	53	54	52.34	0.99	0.27	0.27	NA	NA	NA
NC_057919.1	1	72072459	52.07	52	53	51.53	0.98	0.27	0.27	NA	NA	NA
NC_057920.1	1	69929729	51.52	51	52	51.09	0.97	0.27	0.26	NA	NA	NA
NC_057921.1	1	69013595	52.88	51	50	50.14	0.95	0.27	0.26	NA	NA	NA
NC_057922.1	1	67754596	53.56	53	52	52.56	1	0.27	0.27	NA	NA	NA
NC_057923.1	1	65806066	52.19	52	52	51.15	0.97	0.27	0.27	NA	NA	NA
NC_057924.1	1	63990770	52.12	52	51	51.59	0.98	0.27	0.27	NA	NA	NA
NC_057925.1	1	63632857	53.2	52	52	52.05	0.99	0.27	0.27	NA	NA	NA
NC_057926.1	1	57317785	51.93	51	51	50.92	0.97	0.27	0.26	NA	NA	NA
NW_025317348.1	1	1435540	855.49	617	0	0	0	0	0	NA	NA	NA
NW_025317349.1	1	818910	51.13	50	51	50.43	0.96	0.27	0.26	NA	NA	NA
NW_025317350.1	1	817392	49.32	48	48	47.99	0.91	0.26	0.25	NA	NA	NA
NW_025317351.1	1	764448	52.45	54	56	55.04	1.05	0.28	0.29	NA	NA	NA
NW_025317352.1	1	527143	47.81	46	44	45.64	0.87	0.26	0.24	NA	NA	NA
NW_025317353.1	1	494616	54.23	54	54	54.15	1.03	0.28	0.28	NA	NA	NA
NW_025317354.1	1	375111	132.72	128	128	115.72	2.2	0.41	0.6	NA	NA	NA
NW_025317355.1	1	353647	70.46	66	61	64.74	1.23	0.3	0.34	NA	NA	NA
NW_025317356.1	1	311249	52.07	51	52	50.87	0.97	0.27	0.26	NA	NA	NA
NW_025317357.1	1	299906	50.56	50	46	49.44	0.94	0.27	0.26	NA	NA	NA
NW_025317358.1	1	262002	72.82	54	60	48.37	0.92	0.26	0.25	NA	NA	NA
NW_025317359.1	1	261434	47.04	47	47	46.83	0.89	0.26	0.24	NA	NA	NA
NW_025317360.1	1	253298	50.02	50	44	49.76	0.95	0.27	0.26	NA	NA	NA
NW_025317361.1	1	240984	60.85	58	57	57.47	1.09	0.29	0.3	NA	NA	NA
NW_025317362.1	1	221831	56.32	56	56	55.32	1.05	0.28	0.29	NA	NA	NA
NW_025317363.1	1	217643	67.03	58	58	57.58	1.09	0.29	0.3	NA	NA	NA
NW_025317364.1	1	217578	54.34	54	54	53.81	1.02	0.28	0.28	NA	NA	NA
NW_025317365.1	1	217053	52.57	53	56	52.93	1.01	0.28	0.27	NA	NA	NA
NW_025317366.1	1	216226	47.8	43	41	42.76	0.81	0.25	0.22	NA	NA	NA
NW_025317367.1	1	215986	86.55	71	37	68.66	1.3	0.31	0.36	NA	NA	NA
NW_025317368.1	1	215155	49.68	49	47	48.41	0.92	0.26	0.25	NA	NA	NA
NW_025317369.1	1	207749	48.94	48	45	47.42	0.9	0.26	0.25	NA	NA	NA
NW_025317370.1	1	200442	89.83	78	69	74.93	1.42	0.33	0.39	NA	NA	NA
NW_025317371.1	1	196441	48.77	49	51	49.33	0.94	0.27	0.26	NA	NA	NA
NW_025317372.1	1	195164	52.98	53	60	53.88	1.02	0.28	0.28	NA	NA	NA
NW_025317373.1	1	194150	34.97	30	30	29.83	0.57	0.21	0.15	NA	NA	NA
NW_025317374.1	1	193896	50.79	51	55	51.45	0.98	0.27	0.27	NA	NA	NA
NW_025317375.1	1	189203	49.55	48	48	48.38	0.92	0.26	0.25	NA	NA	NA
NW_025317376.1	1	186647	53.97	54	55	53.98	1.03	0.28	0.28	NA	NA	NA
NW_025317377.1	1	182518	56.39	57	55	58.11	1.1	0.29	0.3	NA	NA	NA
NW_025317378.1	1	182059	53.07	51	49	51.01	0.97	0.27	0.26	NA	NA	NA
NW_025317379.1	1	176406	52.9	52	51	51.09	0.97	0.27	0.26	NA	NA	NA
NW_025317380.1	1	173964	2924.88	2052.5	145	107.78	2.05	0.39	0.56	NA	NA	NA
NW_025317381.1	1	173882	49.44	49	48	49.2	0.93	0.27	0.26	NA	NA	NA
NW_025317382.1	1	172204	49.31	49	45	48.32	0.92	0.26	0.25	NA	NA	NA
NW_025317383.1	1	171876	46.86	46	45	45.22	0.86	0.25	0.23	NA	NA	NA
NW_025317384.1	1	169452	53.82	53	53	52.53	1	0.27	0.27	NA	NA	NA
NW_025317385.1	1	169379	62.2	52	47	51.38	0.98	0.27	0.27	NA	NA	NA
NW_025317386.1	1	168565	51.46	53	54	52.87	1	0.28	0.27	NA	NA	NA
NW_025317387.1	1	168487	55.75	53	51	53.31	1.01	0.28	0.28	NA	NA	NA
NW_025317388.1	1	166012	48.03	46	44	46.04	0.87	0.26	0.24	NA	NA	NA
NW_025317389.1	1	164113	49.58	49	50	48.97	0.93	0.27	0.25	NA	NA	NA
NW_025317390.1	1	160587	51.9	50	61	48	0.91	0.26	0.25	NA	NA	NA
NW_025317391.1	1	159829	82.1	63	56	60.42	1.15	0.29	0.31	NA	NA	NA
NW_025317392.1	1	158543	53.99	51	51	50.48	0.96	0.27	0.26	NA	NA	NA
NW_025317393.1	1	157567	52.89	52	51	52.42	1	0.27	0.27	NA	NA	NA
NW_025317394.1	1	156458	60.01	56	56	55.28	1.05	0.28	0.29	NA	NA	NA
NW_025317395.1	1	153877	72.14	58	58	56.58	1.08	0.28	0.29	NA	NA	NA
NW_025317396.1	1	150182	59.57	54	46	53.79	1.02	0.28	0.28	NA	NA	NA
NW_025317397.1	1	149102	53.58	54	54	53.52	1.02	0.28	0.28	NA	NA	NA
NW_025317398.1	1	148724	48.34	48	47	48.08	0.91	0.26	0.25	NA	NA	NA
NW_025317399.1	1	145537	54.31	52	52	51.14	0.97	0.27	0.27	NA	NA	NA
NW_025317400.1	1	145411	49.06	48	47	48.7	0.93	0.26	0.25	NA	NA	NA
NW_025317401.1	1	144765	52.04	52	50	52.35	0.99	0.27	0.27	NA	NA	NA
NW_025317402.1	1	144686	49.59	47	29	43.38	0.82	0.25	0.22	NA	NA	NA
NW_025317403.1	1	143149	80.82	78	65	74.43	1.41	0.33	0.39	NA	NA	NA
NW_025317404.1	1	143070	63.63	60	52	59.22	1.13	0.29	0.31	NA	NA	NA
NW_025317405.1	1	141206	45.7	45	41	45.53	0.87	0.26	0.24	NA	NA	NA
NW_025317406.1	1	140309	49.92	48	48	47.8	0.91	0.26	0.25	NA	NA	NA
NW_025317407.1	1	139872	55.53	55	61	55.63	1.06	0.28	0.29	NA	NA	NA
NW_025317408.1	1	137348	7620.8	8471	124	589.38	11.2	0.92	3.06	NA	NA	NA
NW_025317409.1	1	136903	48.71	49	48	50.1	0.95	0.27	0.26	NA	NA	NA
NW_025317410.1	1	136319	49.44	50	51	49.39	0.94	0.27	0.26	NA	NA	NA
NW_025317411.1	1	134805	30.06	26	29	24.41	0.46	0.19	0.13	NA	NA	NA
NW_025317412.1	1	133869	41.16	41	36	41.77	0.79	0.24	0.22	NA	NA	NA
NW_025317413.1	1	133076	45.35	45	47	44.1	0.84	0.25	0.23	NA	NA	NA
NW_025317414.1	1	131788	63.32	58	48	57.47	1.09	0.29	0.3	NA	NA	NA
NW_025317415.1	1	130611	56.97	58	58	58.4	1.11	0.29	0.3	NA	NA	NA
NW_025317416.1	1	130226	41.71	42	44	41.4	0.79	0.24	0.21	NA	NA	NA
NW_025317417.1	1	127968	76.81	39	17	32.77	0.62	0.22	0.17	NA	NA	NA
NW_025317418.1	1	127728	54.22	52	47	52.17	0.99	0.27	0.27	NA	NA	NA
NW_025317419.1	1	126345	51.11	50	52	49.11	0.93	0.27	0.25	NA	NA	NA
NW_025317420.1	1	125912	48.55	48	47	47.78	0.91	0.26	0.25	NA	NA	NA
NW_025317421.1	1	124465	43.47	43	42	43.45	0.83	0.25	0.23	NA	NA	NA
NW_025317422.1	1	124177	45.83	45	50	43.7	0.83	0.25	0.23	NA	NA	NA
NW_025317423.1	1	123058	46.48	46	40	45.1	0.86	0.25	0.23	NA	NA	NA
NW_025317424.1	1	121651	51.32	45	45	41.08	0.78	0.24	0.21	NA	NA	NA
NW_025317425.1	1	121114	47.45	47	41	47.59	0.9	0.26	0.25	NA	NA	NA
NW_025317426.1	1	120076	41.66	32	27	33.74	0.64	0.22	0.17	NA	NA	NA
NW_025317427.1	1	119949	58.76	58	54	58.1	1.1	0.29	0.3	NA	NA	NA
NW_025317428.1	1	119611	44.25	44	45	43.3	0.82	0.25	0.22	NA	NA	NA
NW_025317429.1	1	117754	50.54	50	46	49.95	0.95	0.27	0.26	NA	NA	NA
NW_025317430.1	1	117312	50.08	48	44	46.55	0.88	0.26	0.24	NA	NA	NA
NW_025317431.1	1	116855	41.73	51	57	48.63	0.92	0.26	0.25	NA	NA	NA
NW_025317432.1	1	115431	62.43	57	34	54.8	1.04	0.28	0.28	NA	NA	NA
NW_025317433.1	1	115124	48.37	50	52	50.8	0.97	0.27	0.26	NA	NA	NA
NW_025317434.1	1	114779	96.79	99	71	96.07	1.83	0.37	0.5	NA	NA	NA
NW_025317435.1	1	114734	47.88	46	45	45.97	0.87	0.26	0.24	NA	NA	NA
NW_025317436.1	1	114324	41.39	47	48	46.08	0.88	0.26	0.24	NA	NA	NA
NW_025317437.1	1	114274	31.73	33	38	32.68	0.62	0.22	0.17	NA	NA	NA
NW_025317438.1	1	113327	49.53	43	41	41.45	0.79	0.24	0.21	NA	NA	NA
NW_025317439.1	1	112072	52.53	48	44	46.31	0.88	0.26	0.24	NA	NA	NA
NW_025317440.1	1	112035	63.96	63	54	62.56	1.19	0.3	0.32	NA	NA	NA
NW_025317441.1	1	110514	60.01	53	43	54.65	1.04	0.28	0.28	NA	NA	NA
NW_025317442.1	1	109836	49.01	49	48	49.15	0.93	0.27	0.25	NA	NA	NA
NW_025317443.1	1	108665	48.38	51	52	51.3	0.97	0.27	0.27	NA	NA	NA
NW_025317444.1	1	107868	76.22	78	86	69.86	1.33	0.32	0.36	NA	NA	NA
NW_025317445.1	1	107035	506.34	596	64	596.07	11.33	0.92	3.09	NA	NA	NA
NW_025317446.1	1	106869	49.67	49	48	49.24	0.94	0.27	0.26	NA	NA	NA
NW_025317447.1	1	106542	41.78	41	40	41.13	0.78	0.24	0.21	NA	NA	NA
NW_025317448.1	1	106110	54.22	53	49	52.86	1	0.28	0.27	NA	NA	NA
NW_025317449.1	1	105099	54.84	54	53	53.17	1.01	0.28	0.28	NA	NA	NA
NW_025317450.1	1	104771	56.21	51	49	51.25	0.97	0.27	0.27	NA	NA	NA
NW_025317451.1	1	103217	50.01	51	51	50.9	0.97	0.27	0.26	NA	NA	NA
NW_025317452.1	1	102150	47.69	48	50	47.9	0.91	0.26	0.25	NA	NA	NA
NW_025317453.1	1	100326	55.38	55	55	54.73	1.04	0.28	0.28	NA	NA	NA
NW_025317454.1	1	99971	49.37	50	46	49.29	0.94	0.27	0.26	NA	NA	NA
NW_025317455.1	1	99125	8521.14	9066	11139	9069.38	172.34	3.61	47.03	NA	NA	NA
NW_025317456.1	1	98236	49.35	50	52	49.95	0.95	0.27	0.26	NA	NA	NA
NW_025317457.1	1	98048	54.66	57	62	57.43	1.09	0.29	0.3	NA	NA	NA
NW_025317458.1	1	94653	45.83	46	40	46.58	0.89	0.26	0.24	NA	NA	NA
NW_025317459.1	1	94383	41.06	43	44	43.72	0.83	0.25	0.23	NA	NA	NA
NW_025317460.1	1	94196	28.57	27	26	26.37	0.5	0.19	0.14	NA	NA	NA
NW_025317461.1	1	93274	53.1	51	47	50.75	0.96	0.27	0.26	NA	NA	NA
NW_025317462.1	1	92969	319.46	365	0	0	0	0	0	NA	NA	NA
NW_025317463.1	1	92776	57.03	56	69	57.85	1.1	0.29	0.3	NA	NA	NA
NW_025317464.1	1	92421	47.02	46	42	45.91	0.87	0.26	0.24	NA	NA	NA
NW_025317465.1	1	92276	48.65	47	46	47.62	0.9	0.26	0.25	NA	NA	NA
NW_025317466.1	1	91740	74.14	58	54	63.25	1.2	0.3	0.33	NA	NA	NA
NW_025317467.1	1	91240	39.27	47	25	43.22	0.82	0.25	0.22	NA	NA	NA
NW_025317468.1	1	91086	48.23	50	51	49.82	0.95	0.27	0.26	NA	NA	NA
NW_025317469.1	1	90022	50.61	50	50	49.71	0.94	0.27	0.26	NA	NA	NA
NW_025317470.1	1	89507	48.72	49	49	48.95	0.93	0.26	0.25	NA	NA	NA
NW_025317471.1	1	88765	48.42	42	33	48.08	0.91	0.26	0.25	NA	NA	NA
NW_025317472.1	1	88429	84.65	89	96	90.29	1.72	0.36	0.47	NA	NA	NA
NW_025317473.1	1	88310	49.12	48	46	47.64	0.91	0.26	0.25	NA	NA	NA
NW_025317474.1	1	87896	49.86	50	49	49.48	0.94	0.27	0.26	NA	NA	NA
NW_025317475.1	1	87542	51.31	51	54	51.63	0.98	0.27	0.27	NA	NA	NA
NW_025317476.1	1	87307	47.66	50	52	50.05	0.95	0.27	0.26	NA	NA	NA
NW_025317477.1	1	86261	36.11	36	30	35.26	0.67	0.22	0.18	NA	NA	NA
NW_025317478.1	1	86106	50.69	49	43	48.63	0.92	0.26	0.25	NA	NA	NA
NW_025317479.1	1	86060	50.98	54	58	53.26	1.01	0.28	0.28	NA	NA	NA
NW_025317480.1	1	86053	55.51	56	57	55.49	1.05	0.28	0.29	NA	NA	NA
NW_025317481.1	1	86007	48.48	49	51	48.73	0.93	0.26	0.25	NA	NA	NA
NW_025317482.1	1	85052	38.81	31	27	32.56	0.62	0.22	0.17	NA	NA	NA
NW_025317483.1	1	84347	46.9	46	45	45.71	0.87	0.26	0.24	NA	NA	NA
NW_025317484.1	1	83152	39.03	40	27	37.32	0.71	0.23	0.19	NA	NA	NA
NW_025317485.1	1	83041	74.86	66	39	64.8	1.23	0.3	0.34	NA	NA	NA
NW_025317486.1	1	82287	53.68	57	61	58.44	1.11	0.29	0.3	NA	NA	NA
NW_025317487.1	1	82210	53.34	46	39	47.31	0.9	0.26	0.25	NA	NA	NA
NW_025317488.1	1	81929	70.5	73	50	73	1.39	0.32	0.38	NA	NA	NA
NW_025317489.1	1	81168	49.23	49	52	48.59	0.92	0.26	0.25	NA	NA	NA
NW_025317490.1	1	80792	43.26	44	48	43.31	0.82	0.25	0.22	NA	NA	NA
NW_025317491.1	1	79746	63.26	61	62	59.9	1.14	0.29	0.31	NA	NA	NA
NW_025317492.1	1	79408	60.33	59	50	59.8	1.14	0.29	0.31	NA	NA	NA
NW_025317493.1	1	78525	61.69	60	51	60.2	1.14	0.29	0.31	NA	NA	NA
NW_025317494.1	1	77301	58.28	51	50	55.11	1.05	0.28	0.29	NA	NA	NA
NW_025317495.1	1	77100	66.36	66	41	64.06	1.22	0.3	0.33	NA	NA	NA
NW_025317496.1	1	76206	48.99	47	44	46.29	0.88	0.26	0.24	NA	NA	NA
NW_025317497.1	1	76047	54.43	54	51	54.16	1.03	0.28	0.28	NA	NA	NA
NW_025317498.1	1	76033	52.07	52	53	51.91	0.99	0.27	0.27	NA	NA	NA
NW_025317499.1	1	75808	68.92	65	66	60.15	1.14	0.29	0.31	NA	NA	NA
NW_025317500.1	1	75175	70.33	73	79	72.36	1.37	0.32	0.38	NA	NA	NA
NW_025317501.1	1	75117	54.67	58	63	51.82	0.98	0.27	0.27	NA	NA	NA
NW_025317502.1	1	73611	56.22	58	58	57.9	1.1	0.29	0.3	NA	NA	NA
NW_025317503.1	1	73545	72.14	80	83	78.11	1.48	0.33	0.41	NA	NA	NA
NW_025317504.1	1	73221	65.54	50	46	49.89	0.95	0.27	0.26	NA	NA	NA
NW_025317505.1	1	72918	39.38	40	40	39.92	0.76	0.24	0.21	NA	NA	NA
NW_025317506.1	1	72904	41.16	41	42	41.03	0.78	0.24	0.21	NA	NA	NA
NW_025317507.1	1	72651	54.95	57	59	56.78	1.08	0.29	0.29	NA	NA	NA
NW_025317508.1	1	72164	79.79	58	29	57.12	1.09	0.29	0.3	NA	NA	NA
NW_025317509.1	1	72135	56.98	53	50	54.56	1.04	0.28	0.28	NA	NA	NA
NW_025317510.1	1	72022	51.12	51	51	51.54	0.98	0.27	0.27	NA	NA	NA
NW_025317511.1	1	71997	54.08	55	57	54.31	1.03	0.28	0.28	NA	NA	NA
NW_025317512.1	1	71084	29.58	28	24	27.5	0.52	0.2	0.14	NA	NA	NA
NW_025317513.1	1	70859	50.91	55	57	55.29	1.05	0.28	0.29	NA	NA	NA
NW_025317514.1	1	70754	69.99	60	34	63.99	1.22	0.3	0.33	NA	NA	NA
NW_025317515.1	1	70379	31.83	31	31	30.51	0.58	0.21	0.16	NA	NA	NA
NW_025317516.1	1	70021	58.03	55	35	53.88	1.02	0.28	0.28	NA	NA	NA
NW_025317517.1	1	69985	57.67	25	20	24.35	0.46	0.19	0.13	NA	NA	NA
NW_025317518.1	1	69898	78.67	63	35	67.32	1.28	0.31	0.35	NA	NA	NA
NW_025317519.1	1	69367	51.32	50	30	48.15	0.91	0.26	0.25	NA	NA	NA
NW_025317520.1	1	69202	38.79	36	31	36.75	0.7	0.23	0.19	NA	NA	NA
NW_025317521.1	1	68055	52.56	51	51	50.37	0.96	0.27	0.26	NA	NA	NA
NW_025317522.1	1	67760	65.3	60	58	62.98	1.2	0.3	0.33	NA	NA	NA
NW_025317523.1	1	67119	46.53	47	37	48.1	0.91	0.26	0.25	NA	NA	NA
NW_025317524.1	1	67048	52.6	52	50	52.23	0.99	0.27	0.27	NA	NA	NA
NW_025317525.1	1	66773	70.63	67	59	65.11	1.24	0.31	0.34	NA	NA	NA
NW_025317526.1	1	66746	52.45	46	43	49.11	0.93	0.27	0.25	NA	NA	NA
NW_025317527.1	1	66136	40.81	41	40	41.72	0.79	0.24	0.22	NA	NA	NA
NW_025317528.1	1	66104	105.83	94	80	98.15	1.87	0.38	0.51	NA	NA	NA
NW_025317529.1	1	65959	89.81	52	52	51.81	0.98	0.27	0.27	NA	NA	NA
NW_025317530.1	1	65848	54.72	55	66	54.14	1.03	0.28	0.28	NA	NA	NA
NW_025317531.1	1	64824	43.68	41	38	40.85	0.78	0.24	0.21	NA	NA	NA
NW_025317532.1	1	64753	121.77	124	130	126.01	2.39	0.43	0.65	NA	NA	NA
NW_025317533.1	1	64666	45.31	50	54	50.08	0.95	0.27	0.26	NA	NA	NA
NW_025317534.1	1	64542	45.4	41	40	40.42	0.77	0.24	0.21	NA	NA	NA
NW_025317535.1	1	64412	53.28	49	47	50.07	0.95	0.27	0.26	NA	NA	NA
NW_025317536.1	1	64392	80.32	71	69	70.22	1.33	0.32	0.36	NA	NA	NA
NW_025317537.1	1	64323	79.39	70	57	70.44	1.34	0.32	0.37	NA	NA	NA
NW_025317538.1	1	63167	90.91	102	104	100.87	1.92	0.38	0.52	NA	NA	NA
NW_025317539.1	1	62873	72.98	73	56	72.51	1.38	0.32	0.38	NA	NA	NA
NW_025317540.1	1	62818	58.63	50	43	52.93	1.01	0.28	0.27	NA	NA	NA
NW_025317541.1	1	62744	99.46	96	74	97.7	1.86	0.37	0.51	NA	NA	NA
NW_025317542.1	1	61764	46.36	47	48	46.68	0.89	0.26	0.24	NA	NA	NA
NW_025317543.1	1	61344	46.73	50	36	48.67	0.92	0.26	0.25	NA	NA	NA
NW_025317544.1	1	61066	60.38	60	61	58.93	1.12	0.29	0.31	NA	NA	NA
NW_025317545.1	1	60418	63.53	54	51	57.79	1.1	0.29	0.3	NA	NA	NA
NW_025317546.1	1	60403	121.14	116	111	113.66	2.16	0.4	0.59	NA	NA	NA
NW_025317547.1	1	59993	87.22	81	36	79.3	1.51	0.34	0.41	NA	NA	NA
NW_025317548.1	1	59915	52.13	51	50	51.51	0.98	0.27	0.27	NA	NA	NA
NW_025317549.1	1	59823	100.88	81	70	79.3	1.51	0.34	0.41	NA	NA	NA
NW_025317550.1	1	58710	54.01	52	82	54.63	1.04	0.28	0.28	NA	NA	NA
NW_025317551.1	1	58308	51.17	50	50	50.39	0.96	0.27	0.26	NA	NA	NA
NW_025317552.1	1	58123	55.95	55	54	54.75	1.04	0.28	0.28	NA	NA	NA
NW_025317553.1	1	58111	50.96	47	69	51.41	0.98	0.27	0.27	NA	NA	NA
NW_025317554.1	1	58045	84.01	82	101	84.43	1.6	0.35	0.44	NA	NA	NA
NW_025317555.1	1	57772	53.4	53	47	52.7	1	0.27	0.27	NA	NA	NA
NW_025317556.1	1	57707	73.11	73	68	74.14	1.41	0.33	0.38	NA	NA	NA
NW_025317557.1	1	57628	54.91	55	60	55.16	1.05	0.28	0.29	NA	NA	NA
NW_025317558.1	1	57080	58.43	55	53	54.76	1.04	0.28	0.28	NA	NA	NA
NW_025317559.1	1	56800	45.09	29	24	32.96	0.63	0.22	0.17	NA	NA	NA
NW_025317560.1	1	56623	47.19	46	45	46.05	0.88	0.26	0.24	NA	NA	NA
NW_025317561.1	1	56293	132.31	133	77	124.54	2.37	0.42	0.65	NA	NA	NA
NW_025317562.1	1	55993	107.35	101	101	104.87	1.99	0.39	0.54	NA	NA	NA
NW_025317563.1	1	55883	57.75	52	51	51.14	0.97	0.27	0.27	NA	NA	NA
NW_025317564.1	1	55759	45.69	46	47	45.88	0.87	0.26	0.24	NA	NA	NA
NW_025317565.1	1	55463	33.73	34	33	33.77	0.64	0.22	0.18	NA	NA	NA
NW_025317566.1	1	55457	46.99	50	54	51.14	0.97	0.27	0.27	NA	NA	NA
NW_025317567.1	1	55347	48.34	50	51	50.56	0.96	0.27	0.26	NA	NA	NA
NW_025317568.1	1	55093	82.57	32	27	58.55	1.11	0.29	0.3	NA	NA	NA
NW_025317569.1	1	55051	61.57	60	58	60.09	1.14	0.29	0.31	NA	NA	NA
NW_025317570.1	1	54927	48.5	49	56	49.06	0.93	0.27	0.25	NA	NA	NA
NW_025317571.1	1	54571	39.83	41	45	41.34	0.79	0.24	0.21	NA	NA	NA
NW_025317572.1	1	54429	31.44	31	31	30.26	0.58	0.21	0.16	NA	NA	NA
NW_025317573.1	1	54195	48.85	49	58	49.65	0.94	0.27	0.26	NA	NA	NA
NW_025317574.1	1	54132	47.89	48	43	47.96	0.91	0.26	0.25	NA	NA	NA
NW_025317575.1	1	54052	61.14	62	47	61.96	1.18	0.3	0.32	NA	NA	NA
NW_025317576.1	1	53773	44.32	44	54	44.33	0.84	0.25	0.23	NA	NA	NA
NW_025317577.1	1	53371	47.77	48	47	48.16	0.92	0.26	0.25	NA	NA	NA
NW_025317578.1	1	53125	80.03	84	87	84.13	1.6	0.35	0.44	NA	NA	NA
NW_025317579.1	1	53100	58.14	57	57	58.04	1.1	0.29	0.3	NA	NA	NA
NW_025317580.1	1	53076	47.55	46	44	47.23	0.9	0.26	0.24	NA	NA	NA
NW_025317581.1	1	52679	65.4	69	4	69.31	1.32	0.32	0.36	NA	NA	NA
NW_025317582.1	1	52665	63.01	65	77	61.97	1.18	0.3	0.32	NA	NA	NA
NW_025317583.1	1	52544	110.74	86	54	95.63	1.82	0.37	0.5	NA	NA	NA
NW_025317584.1	1	52536	51.18	49	50	47.71	0.91	0.26	0.25	NA	NA	NA
NW_025317585.1	1	52187	50.7	47	40	47.18	0.9	0.26	0.24	NA	NA	NA
NW_025317586.1	1	52043	58.66	60	60	60.55	1.15	0.29	0.31	NA	NA	NA
NW_025317587.1	1	51996	46.56	47	48	47.21	0.9	0.26	0.24	NA	NA	NA
NW_025317588.1	1	51932	48.45	48	47	48.09	0.91	0.26	0.25	NA	NA	NA
NW_025317589.1	1	51910	53.85	54	56	52.53	1	0.27	0.27	NA	NA	NA
NW_025317590.1	1	51908	56.96	59	62	59.02	1.12	0.29	0.31	NA	NA	NA
NW_025317591.1	1	51904	46.08	44	40	43.72	0.83	0.25	0.23	NA	NA	NA
NW_025317592.1	1	51863	69.18	70	84	70.98	1.35	0.32	0.37	NA	NA	NA
NW_025317593.1	1	51275	2355.43	1616	3	338.26	6.43	0.7	1.75	NA	NA	NA
NW_025317594.1	1	51239	31.48	35	37	33.75	0.64	0.22	0.17	NA	NA	NA
NW_025317595.1	1	51101	48.63	49	50	48.88	0.93	0.26	0.25	NA	NA	NA
NW_025317596.1	1	51057	63.99	60	31	56.93	1.08	0.29	0.3	NA	NA	NA
NW_025317597.1	1	51026	48.36	32	30	38.28	0.73	0.23	0.2	NA	NA	NA
NW_025317598.1	1	50933	47.99	52	53	51.67	0.98	0.27	0.27	NA	NA	NA
NW_025317599.1	1	50505	52.95	55	54	56.9	1.08	0.29	0.3	NA	NA	NA
NW_025317600.1	1	50089	56.23	55	52	55.75	1.06	0.28	0.29	NA	NA	NA
NW_025317601.1	1	50083	49.17	32	30	39.35	0.75	0.24	0.2	NA	NA	NA
NW_025317602.1	1	50056	56.23	56	57	55.96	1.06	0.28	0.29	NA	NA	NA
NW_025317603.1	1	50045	41	42	28	40.98	0.78	0.24	0.21	NA	NA	NA
NW_025317604.1	1	50022	49.87	50	54	49.9	0.95	0.27	0.26	NA	NA	NA
NW_025317605.1	1	49972	127.49	80	61	110.65	2.1	0.4	0.57	NA	NA	NA
NW_025317606.1	1	49864	53.82	54	50	53.53	1.02	0.28	0.28	NA	NA	NA
NW_025317607.1	1	49592	44.36	43	43	43.26	0.82	0.25	0.22	NA	NA	NA
NW_025317608.1	1	49072	49.16	48	47	48.75	0.93	0.26	0.25	NA	NA	NA
NW_025317609.1	1	49043	96.27	77	72	92.76	1.76	0.36	0.48	NA	NA	NA
NW_025317610.1	1	49026	59.04	60	64	60.59	1.15	0.29	0.31	NA	NA	NA
NW_025317611.1	1	49015	51.36	55	57	53.94	1.02	0.28	0.28	NA	NA	NA
NW_025317612.1	1	48970	61.79	61	62	58.82	1.12	0.29	0.31	NA	NA	NA
NW_025317613.1	1	48930	49.94	55	57	54.22	1.03	0.28	0.28	NA	NA	NA
NW_025317614.1	1	48888	65.65	63	63	64.32	1.22	0.3	0.33	NA	NA	NA
NW_025317615.1	1	48800	48.47	40	0	0	0	0	0	NA	NA	NA
NW_025317616.1	1	48474	45.06	42	32	38.79	0.74	0.24	0.2	NA	NA	NA
NW_025317617.1	1	48253	65.54	54	41	49.5	0.94	0.27	0.26	NA	NA	NA
NW_025317618.1	1	47967	49.36	52	54	51.23	0.97	0.27	0.27	NA	NA	NA
NW_025317619.1	1	47773	42.05	42	21	39.91	0.76	0.24	0.21	NA	NA	NA
NW_025317620.1	1	47554	36.18	35	36	33.53	0.64	0.22	0.17	NA	NA	NA
NW_025317621.1	1	47211	34.43	32	33	31.4	0.6	0.21	0.16	NA	NA	NA
NW_025317622.1	1	47181	59.86	52	52	54.39	1.03	0.28	0.28	NA	NA	NA
NW_025317623.1	1	47121	47.25	48	45	49.02	0.93	0.27	0.25	NA	NA	NA
NW_025317624.1	1	47038	60.65	40	24	45.83	0.87	0.26	0.24	NA	NA	NA
NW_025317625.1	1	46866	995.64	657	20	87.89	1.67	0.36	0.46	NA	NA	NA
NW_025317626.1	1	46846	60.9	40	34	40.54	0.77	0.24	0.21	NA	NA	NA
NW_025317627.1	1	46813	56.41	51	36	51.22	0.97	0.27	0.27	NA	NA	NA
NW_025317628.1	1	46614	474.34	506.5	88	474.04	9.01	0.82	2.46	NA	NA	NA
NW_025317629.1	1	46209	24.69	23	18	23.11	0.44	0.18	0.12	NA	NA	NA
NW_025317630.1	1	46176	60.59	55	55	56.39	1.07	0.28	0.29	NA	NA	NA
NW_025317631.1	1	46008	52.88	51	44	50.91	0.97	0.27	0.26	NA	NA	NA
NW_025317632.1	1	46008	91.05	38	35	67.25	1.28	0.31	0.35	NA	NA	NA
NW_025317633.1	1	45949	57.75	53	54	51.37	0.98	0.27	0.27	NA	NA	NA
NW_025317634.1	1	45833	55.37	53	1	54.08	1.03	0.28	0.28	NA	NA	NA
NW_025317635.1	1	45576	57.04	52	52	53.5	1.02	0.28	0.28	NA	NA	NA
NW_025317636.1	1	45555	55.03	55	53	54.73	1.04	0.28	0.28	NA	NA	NA
NW_025317637.1	1	45476	73.15	61	57	60.81	1.16	0.3	0.32	NA	NA	NA
NW_025317638.1	1	45132	46.4	46	46	46.29	0.88	0.26	0.24	NA	NA	NA
NW_025317639.1	1	45079	50.97	51	54	51.32	0.98	0.27	0.27	NA	NA	NA
NW_025317640.1	1	45062	48.42	48	47	47.91	0.91	0.26	0.25	NA	NA	NA
NW_025317641.1	1	45025	81.33	89	52	82.76	1.57	0.34	0.43	NA	NA	NA
NW_025317642.1	1	44870	34.27	39	44	37.35	0.71	0.23	0.19	NA	NA	NA
NW_025317643.1	1	44803	64.26	57	56	59.89	1.14	0.29	0.31	NA	NA	NA
NW_025317644.1	1	44702	51.19	52	53	51.74	0.98	0.27	0.27	NA	NA	NA
NW_025317645.1	1	44612	93.65	81	69	93.67	1.78	0.37	0.49	NA	NA	NA
NW_025317646.1	1	44134	51.3	52	39	53.36	1.01	0.28	0.28	NA	NA	NA
NW_025317647.1	1	44039	55.57	56	63	51.26	0.97	0.27	0.27	NA	NA	NA
NW_025317648.1	1	43971	48.37	51	51	46.99	0.89	0.26	0.24	NA	NA	NA
NW_025317649.1	1	43946	42.56	44	47	44.16	0.84	0.25	0.23	NA	NA	NA
NW_025317650.1	1	43924	65.86	72	82	69.88	1.33	0.32	0.36	NA	NA	NA
NW_025317651.1	1	43653	45.88	45	43	45.2	0.86	0.25	0.23	NA	NA	NA
NW_025317652.1	1	42975	82.42	87	87	85.35	1.62	0.35	0.44	NA	NA	NA
NW_025317653.1	1	42961	61.64	57	57	55.51	1.05	0.28	0.29	NA	NA	NA
NW_025317654.1	1	42941	47.73	49	49	48.84	0.93	0.26	0.25	NA	NA	NA
NW_025317655.1	1	42939	64.54	66	65	66.49	1.26	0.31	0.34	NA	NA	NA
NW_025317656.1	1	42829	72.34	73	103	72.89	1.39	0.32	0.38	NA	NA	NA
NW_025317657.1	1	42671	63.27	54	96	59.42	1.13	0.29	0.31	NA	NA	NA
NW_025317658.1	1	42632	55.38	54	54	54.58	1.04	0.28	0.28	NA	NA	NA
NW_025317659.1	1	42580	70.62	68	69	65.43	1.24	0.31	0.34	NA	NA	NA
NW_025317660.1	1	42527	47.94	45	39	45.19	0.86	0.25	0.23	NA	NA	NA
NW_025317661.1	1	42412	49.96	50	51	49.79	0.95	0.27	0.26	NA	NA	NA
NW_025317662.1	1	42395	67.8	56	45	56.28	1.07	0.28	0.29	NA	NA	NA
NW_025317663.1	1	42297	149.31	181	197	160.17	3.04	0.48	0.83	NA	NA	NA
NW_025317664.1	1	41584	51.39	52	49	52.27	0.99	0.27	0.27	NA	NA	NA
NW_025317665.1	1	41547	152.34	146	114	152.38	2.9	0.47	0.79	NA	NA	NA
NW_025317666.1	1	41409	53.72	56	62	55.82	1.06	0.28	0.29	NA	NA	NA
NW_025317667.1	1	41386	1662.59	1189	2	446.56	8.49	0.8	2.32	NA	NA	NA
NW_025317668.1	1	41213	95.41	57	52	74.84	1.42	0.33	0.39	NA	NA	NA
NW_025317669.1	1	41094	67.02	65	74	66.21	1.26	0.31	0.34	NA	NA	NA
NW_025317670.1	1	40993	49.65	50	42	50.37	0.96	0.27	0.26	NA	NA	NA
NW_025317671.1	1	40988	24.98	25	24	24.68	0.47	0.19	0.13	NA	NA	NA
NW_025317672.1	1	40840	75.72	80	122	76.61	1.46	0.33	0.4	NA	NA	NA
NW_025317673.1	1	40823	64.7	64	32	63.65	1.21	0.3	0.33	NA	NA	NA
NW_025317674.1	1	40738	46.15	46	43	45.42	0.86	0.26	0.24	NA	NA	NA
NW_025317675.1	1	40577	46.21	47	47	46.49	0.88	0.26	0.24	NA	NA	NA
NW_025317676.1	1	40557	70.29	69	70	70.49	1.34	0.32	0.37	NA	NA	NA
NW_025317677.1	1	40548	56.74	56	59	56.33	1.07	0.28	0.29	NA	NA	NA
NW_025317678.1	1	40272	50.01	52	42	51.24	0.97	0.27	0.27	NA	NA	NA
NW_025317679.1	1	40072	56.75	54	40	55.31	1.05	0.28	0.29	NA	NA	NA
NW_025317680.1	1	39992	47.58	48	53	48.08	0.91	0.26	0.25	NA	NA	NA
NW_025317681.1	1	39636	68.96	64	62	66.4	1.26	0.31	0.34	NA	NA	NA
NW_025317682.1	1	39620	356.44	505	45	395.32	7.51	0.75	2.05	NA	NA	NA
NW_025317683.1	1	39569	53	53	52	53.26	1.01	0.28	0.28	NA	NA	NA
NW_025317684.1	1	39276	54.2	54	53	54.3	1.03	0.28	0.28	NA	NA	NA
NW_025317685.1	1	39118	61.39	62	60	61.97	1.18	0.3	0.32	NA	NA	NA
NW_025317686.1	1	39095	52.07	54	57	53.67	1.02	0.28	0.28	NA	NA	NA
NW_025317687.1	1	39073	53.99	53	51	53.33	1.01	0.28	0.28	NA	NA	NA
NW_025317688.1	1	38909	50.65	50	51	50.35	0.96	0.27	0.26	NA	NA	NA
NW_025317689.1	1	38743	53.35	54	49	53.48	1.02	0.28	0.28	NA	NA	NA
NW_025317690.1	1	38661	45.82	41	35	38.96	0.74	0.24	0.2	NA	NA	NA
NW_025317691.1	1	38537	91.83	69	48	82.63	1.57	0.34	0.43	NA	NA	NA
NW_025317692.1	1	38409	29.43	32	33	31	0.59	0.21	0.16	NA	NA	NA
NW_025317693.1	1	38396	52.17	54	54	55.52	1.06	0.28	0.29	NA	NA	NA
NW_025317694.1	1	38287	52.68	53	54	53.14	1.01	0.28	0.28	NA	NA	NA
NW_025317695.1	1	38170	46.43	50	53	47.18	0.9	0.26	0.24	NA	NA	NA
NW_025317696.1	1	37919	55.05	54	52	54.87	1.04	0.28	0.28	NA	NA	NA
NW_025317697.1	1	37913	77.24	47	41	71.24	1.35	0.32	0.37	NA	NA	NA
NW_025317698.1	1	37894	51.89	52	56	52.19	0.99	0.27	0.27	NA	NA	NA
NW_025317699.1	1	37787	43.67	39	34	40.47	0.77	0.24	0.21	NA	NA	NA
NW_025317700.1	1	37774	30.63	29	30	29.39	0.56	0.21	0.15	NA	NA	NA
NW_025317701.1	1	37533	64.28	64	49	62.23	1.18	0.3	0.32	NA	NA	NA
NW_025317702.1	1	37365	18.34	20	22	18.96	0.36	0.16	0.1	NA	NA	NA
NW_025317703.1	1	37016	46.16	46	43	46.18	0.88	0.26	0.24	NA	NA	NA
NW_025317704.1	1	36989	43.8	49	62	47.41	0.9	0.26	0.25	NA	NA	NA
NW_025317705.1	1	36899	71.2	73	73	72.09	1.37	0.32	0.37	NA	NA	NA
NW_025317706.1	1	36877	43.27	39	39	38.57	0.73	0.24	0.2	NA	NA	NA
NW_025317707.1	1	36865	40.56	44	45	42.74	0.81	0.25	0.22	NA	NA	NA
NW_025317708.1	1	36850	40.71	46	48	44.15	0.84	0.25	0.23	NA	NA	NA
NW_025317709.1	1	36785	148.4	154	153	153.2	2.91	0.47	0.79	NA	NA	NA
NW_025317710.1	1	36768	59.38	59	57	59.31	1.13	0.29	0.31	NA	NA	NA
NW_025317711.1	1	36399	69.16	76	77	71.73	1.36	0.32	0.37	NA	NA	NA
NW_025317712.1	1	36309	59.44	59	65	59.86	1.14	0.29	0.31	NA	NA	NA
NW_025317713.1	1	36283	72.08	72	73	73.17	1.39	0.32	0.38	NA	NA	NA
NW_025317714.1	1	36249	55.99	58	56	59.05	1.12	0.29	0.31	NA	NA	NA
NW_025317715.1	1	36169	42.41	43	43	42.94	0.82	0.25	0.22	NA	NA	NA
NW_025317716.1	1	35991	54.2	53	52	54.43	1.03	0.28	0.28	NA	NA	NA
NW_025317717.1	1	35968	33.03	27	58	31.39	0.6	0.21	0.16	NA	NA	NA
NW_025317718.1	1	35961	52.88	52	55	51.51	0.98	0.27	0.27	NA	NA	NA
NW_025317719.1	1	35957	28.29	30	31	29.25	0.56	0.2	0.15	NA	NA	NA
NW_025317720.1	1	35939	57.26	58	59	57.56	1.09	0.29	0.3	NA	NA	NA
NW_025317721.1	1	35938	87.33	79	62	83.33	1.58	0.35	0.43	NA	NA	NA
NW_025317722.1	1	35910	48.97	54	55	52.24	0.99	0.27	0.27	NA	NA	NA
NW_025317723.1	1	35867	81.22	39	39	54.32	1.03	0.28	0.28	NA	NA	NA
NW_025317724.1	1	35599	64.56	62	85	64.74	1.23	0.3	0.34	NA	NA	NA
NW_025317725.1	1	35512	136.79	147	159	146.98	2.79	0.46	0.76	NA	NA	NA
NW_025317726.1	1	35373	52.54	53	53	52.95	1.01	0.28	0.27	NA	NA	NA
NW_025317727.1	1	35280	80.27	51	53	59.56	1.13	0.29	0.31	NA	NA	NA
NW_025317728.1	1	35247	50.55	52	53	52.22	0.99	0.27	0.27	NA	NA	NA
NW_025317729.1	1	35152	53.12	54	54	52.63	1	0.27	0.27	NA	NA	NA
NW_025317730.1	1	35057	40.69	39	35	39.77	0.76	0.24	0.21	NA	NA	NA
NW_025317731.1	1	35052	30.87	31	29	30.46	0.58	0.21	0.16	NA	NA	NA
NW_025317732.1	1	35001	50.82	51	47	49.86	0.95	0.27	0.26	NA	NA	NA
NW_025317733.1	1	34982	51.01	53	55	52.93	1.01	0.28	0.27	NA	NA	NA
NW_025317734.1	1	34738	57.85	53	43	54.19	1.03	0.28	0.28	NA	NA	NA
NW_025317735.1	1	34688	42.08	42	42	42.22	0.8	0.25	0.22	NA	NA	NA
NW_025317736.1	1	34514	103.16	109	127	112.57	2.14	0.4	0.58	NA	NA	NA
NW_025317737.1	1	34432	78.46	59	59	66.27	1.26	0.31	0.34	NA	NA	NA
NW_025317738.1	1	34432	99.93	81	48	91.28	1.73	0.36	0.47	NA	NA	NA
NW_025317739.1	1	34331	21.15	24	25	22.5	0.43	0.18	0.12	NA	NA	NA
NW_025317740.1	1	34033	56.94	59	62	58.64	1.11	0.29	0.3	NA	NA	NA
NW_025317741.1	1	33849	50.45	52	53	50.71	0.96	0.27	0.26	NA	NA	NA
NW_025317742.1	1	33818	59.67	59	53	58.93	1.12	0.29	0.31	NA	NA	NA
NW_025317743.1	1	33334	43.78	44	42	43.96	0.84	0.25	0.23	NA	NA	NA
NW_025317744.1	1	33325	53.14	53	52	53.47	1.02	0.28	0.28	NA	NA	NA
NW_025317745.1	1	33184	55.8	57	56	58.8	1.12	0.29	0.3	NA	NA	NA
NW_025317746.1	1	33176	85.15	77	73	81.62	1.55	0.34	0.42	NA	NA	NA
NW_025317747.1	1	33147	116.52	103	84	109.67	2.08	0.4	0.57	NA	NA	NA
NW_025317748.1	1	33048	55.19	56	55	57.06	1.08	0.29	0.3	NA	NA	NA
NW_025317749.1	1	33035	52.06	52	54	52.33	0.99	0.27	0.27	NA	NA	NA
NW_025317750.1	1	33033	81.96	91	99	87.2	1.66	0.35	0.45	NA	NA	NA
NW_025317751.1	1	33024	46.36	46	45	46.17	0.88	0.26	0.24	NA	NA	NA
NW_025317752.1	1	33013	48.11	47	46	46.12	0.88	0.26	0.24	NA	NA	NA
NW_025317753.1	1	32947	44.18	44	45	44.21	0.84	0.25	0.23	NA	NA	NA
NW_025317754.1	1	32887	48.12	50	52	49.14	0.93	0.27	0.25	NA	NA	NA
NW_025317755.1	1	32842	45.23	46	53	46.65	0.89	0.26	0.24	NA	NA	NA
NW_025317756.1	1	32802	49.54	46	46	47.3	0.9	0.26	0.25	NA	NA	NA
NW_025317757.1	1	32792	64.32	68	61	67.39	1.28	0.31	0.35	NA	NA	NA
NW_025317758.1	1	32790	48.79	52	57	51.63	0.98	0.27	0.27	NA	NA	NA
NW_025317759.1	1	32714	51.27	50	49	49.87	0.95	0.27	0.26	NA	NA	NA
NW_025317760.1	1	32693	51.12	51	50	50.99	0.97	0.27	0.26	NA	NA	NA
NW_025317761.1	1	32680	48.96	49	50	49.89	0.95	0.27	0.26	NA	NA	NA
NW_025317762.1	1	32598	50.19	51	53	50.45	0.96	0.27	0.26	NA	NA	NA
NW_025317763.1	1	32445	64.99	66	47	65.09	1.24	0.31	0.34	NA	NA	NA
NW_025317764.1	1	32369	53.81	53	50	53.03	1.01	0.28	0.27	NA	NA	NA
NW_025317765.1	1	32298	65.88	68	69	69.24	1.32	0.32	0.36	NA	NA	NA
NW_025317766.1	1	32195	52.15	53	56	53	1.01	0.28	0.27	NA	NA	NA
NW_025317767.1	1	32187	67.69	67	66	67.63	1.29	0.31	0.35	NA	NA	NA
NW_025317768.1	1	31994	70.74	73	53	71.8	1.36	0.32	0.37	NA	NA	NA
NW_025317769.1	1	31991	34.35	35	38	35.17	0.67	0.22	0.18	NA	NA	NA
NW_025317770.1	1	31987	53.87	52	50	53.42	1.02	0.28	0.28	NA	NA	NA
NW_025317771.1	1	31944	56.42	56	57	56.26	1.07	0.28	0.29	NA	NA	NA
NW_025317772.1	1	31771	42.73	47	49	47.74	0.91	0.26	0.25	NA	NA	NA
NW_025317773.1	1	31765	47.63	47	50	47.4	0.9	0.26	0.25	NA	NA	NA
NW_025317774.1	1	31756	49.85	50	50	49.3	0.94	0.27	0.26	NA	NA	NA
NW_025317775.1	1	31639	73.6	62	58	69.46	1.32	0.32	0.36	NA	NA	NA
NW_025317776.1	1	31436	66.45	67	67	67.34	1.28	0.31	0.35	NA	NA	NA
NW_025317777.1	1	31225	39.41	44	47	41.43	0.79	0.24	0.21	NA	NA	NA
NW_025317778.1	1	31110	63.52	70	77	68.26	1.3	0.31	0.35	NA	NA	NA
NW_025317779.1	1	31095	19.66	20	18	20.3	0.39	0.17	0.11	NA	NA	NA
NW_025317780.1	1	31076	44.31	41	22	42.49	0.81	0.25	0.22	NA	NA	NA
NW_025317781.1	1	31041	58.61	59	59	58.81	1.12	0.29	0.3	NA	NA	NA
NW_025317782.1	1	31040	49.79	48	49	47.87	0.91	0.26	0.25	NA	NA	NA
NW_025317783.1	1	31023	57.98	59	60	58.76	1.12	0.29	0.3	NA	NA	NA
NW_025317784.1	1	30991	33.1	25	25	30.42	0.58	0.21	0.16	NA	NA	NA
NW_025317785.1	1	30923	61.94	62	51	61.36	1.17	0.3	0.32	NA	NA	NA
NW_025317786.1	1	30757	52.29	51	48	51.72	0.98	0.27	0.27	NA	NA	NA
NW_025317787.1	1	30715	58.86	59	60	59.13	1.12	0.29	0.31	NA	NA	NA
NW_025317788.1	1	30165	56.01	58	59	58.27	1.11	0.29	0.3	NA	NA	NA
NW_025317789.1	1	30132	43.45	42	40	41.93	0.8	0.25	0.22	NA	NA	NA
NW_025317790.1	1	30103	39.83	28	28	35.58	0.68	0.23	0.18	NA	NA	NA
NW_025317791.1	1	30056	42.91	43	48	43.48	0.83	0.25	0.23	NA	NA	NA
NW_025317792.1	1	30020	55.4	57	58	57.28	1.09	0.29	0.3	NA	NA	NA
NW_025317793.1	1	30019	59.46	59	57	60.21	1.14	0.29	0.31	NA	NA	NA
NW_025317794.1	1	30018	56.38	55	53	55.72	1.06	0.28	0.29	NA	NA	NA
NW_025317795.1	1	29904	52.55	50	47	51.21	0.97	0.27	0.27	NA	NA	NA
NW_025317796.1	1	29862	51.14	51	54	51.39	0.98	0.27	0.27	NA	NA	NA
NW_025317797.1	1	29425	45.38	51	54	48.26	0.92	0.26	0.25	NA	NA	NA
NW_025317798.1	1	29067	35.95	35	44	36.5	0.69	0.23	0.19	NA	NA	NA
NW_025317799.1	1	29049	130.71	133	134	130.89	2.49	0.43	0.68	NA	NA	NA
NW_025317800.1	1	28998	55.42	58	47	56.53	1.07	0.28	0.29	NA	NA	NA
NW_025317801.1	1	28954	48.06	48	52	48.31	0.92	0.26	0.25	NA	NA	NA
NW_025317802.1	1	28886	31.66	30	30	30.28	0.58	0.21	0.16	NA	NA	NA
NW_025317803.1	1	28610	57.57	58	61	58.16	1.11	0.29	0.3	NA	NA	NA
NW_025317804.1	1	28503	44.41	44	41	44.05	0.84	0.25	0.23	NA	NA	NA
NW_025317805.1	1	28439	102.81	35	30	78.47	1.49	0.34	0.41	NA	NA	NA
NW_025317806.1	1	28406	52.15	53	53	53.12	1.01	0.28	0.28	NA	NA	NA
NW_025317807.1	1	28312	63.12	56	56	61.57	1.17	0.3	0.32	NA	NA	NA
NW_025317808.1	1	28168	56.79	57	60	57.17	1.09	0.29	0.3	NA	NA	NA
NW_025317809.1	1	28007	38.2	40	46	40.15	0.76	0.24	0.21	NA	NA	NA
NW_025317810.1	1	27998	47.05	51	52	49.11	0.93	0.27	0.25	NA	NA	NA
NW_025317811.1	1	27993	44.16	44	48	44.33	0.84	0.25	0.23	NA	NA	NA
NW_025317812.1	1	27986	46.49	42	43	37.38	0.71	0.23	0.19	NA	NA	NA
NW_025317813.1	1	27934	53.88	52	51	53.5	1.02	0.28	0.28	NA	NA	NA
NW_025317814.1	1	27784	48.13	41	36	45.18	0.86	0.25	0.23	NA	NA	NA
NW_025317815.1	1	27751	5560.07	6456	8282	6038.96	114.75	2.94	31.32	NA	NA	NA
NW_025317816.1	1	27640	115.33	121	87	115.67	2.2	0.41	0.6	NA	NA	NA
NW_025317817.1	1	27582	58.49	61	71	61.61	1.17	0.3	0.32	NA	NA	NA
NW_025317818.1	1	27544	43.18	46	47	39.26	0.75	0.24	0.2	NA	NA	NA
NW_025317819.1	1	27407	50.63	45	42	48.83	0.93	0.26	0.25	NA	NA	NA
NW_025317820.1	1	27354	52.01	51	50	51.15	0.97	0.27	0.27	NA	NA	NA
NW_025317821.1	1	27160	75.99	45	44	45.21	0.86	0.25	0.23	NA	NA	NA
NW_025317822.1	1	27129	57.4	54	54	53.6	1.02	0.28	0.28	NA	NA	NA
NW_025317823.1	1	27057	53	54	54	53.82	1.02	0.28	0.28	NA	NA	NA
NW_025317824.1	1	27035	40.21	40	25	37.91	0.72	0.23	0.2	NA	NA	NA
NW_025317825.1	1	27010	58.96	60	61	59.38	1.13	0.29	0.31	NA	NA	NA
NW_025317826.1	1	26952	52.33	52	53	51.43	0.98	0.27	0.27	NA	NA	NA
NW_025317827.1	1	26909	24.75	25	23	25.11	0.48	0.19	0.13	NA	NA	NA
NW_025317828.1	1	26828	46.57	46	44	45.9	0.87	0.26	0.24	NA	NA	NA
NW_025317829.1	1	26807	44.9	47	47	46.51	0.88	0.26	0.24	NA	NA	NA
NW_025317830.1	1	26746	3501.57	3817	35	579.78	11.02	0.91	3.01	NA	NA	NA
NW_025317831.1	1	26718	48.98	50	50	49.7	0.94	0.27	0.26	NA	NA	NA
NW_025317832.1	1	26608	96.59	98	138	100.9	1.92	0.38	0.52	NA	NA	NA
NW_025317833.1	1	26552	57.58	58	65	57.88	1.1	0.29	0.3	NA	NA	NA
NW_025317834.1	1	26327	25.98	25	18	26.35	0.5	0.19	0.14	NA	NA	NA
NW_025317835.1	1	26312	39.76	39	38	38.97	0.74	0.24	0.2	NA	NA	NA
NW_025317836.1	1	26306	67.96	70	79	69.71	1.32	0.32	0.36	NA	NA	NA
NW_025317837.1	1	26305	61.49	67	93	66.73	1.27	0.31	0.35	NA	NA	NA
NW_025317838.1	1	26242	35.22	37	44	37	0.7	0.23	0.19	NA	NA	NA
NW_025317839.1	1	26188	54.48	56	63	56	1.06	0.28	0.29	NA	NA	NA
NW_025317840.1	1	26167	57.5	59	61	58.16	1.11	0.29	0.3	NA	NA	NA
NW_025317841.1	1	26119	51.41	53	56	51.9	0.99	0.27	0.27	NA	NA	NA
NW_025317842.1	1	26117	52.42	52	52	52.14	0.99	0.27	0.27	NA	NA	NA
NW_025317843.1	1	26006	65.47	60	68	60.01	1.14	0.29	0.31	NA	NA	NA
NW_025317844.1	1	25945	42.17	42	41	42.31	0.8	0.25	0.22	NA	NA	NA
NW_025317845.1	1	25926	67.09	75	95	71.71	1.36	0.32	0.37	NA	NA	NA
NW_025317846.1	1	25905	61.55	66	76	64.22	1.22	0.3	0.33	NA	NA	NA
NW_025317847.1	1	25892	53.14	56	61	53.73	1.02	0.28	0.28	NA	NA	NA
NW_025317848.1	1	25885	52.36	51	50	52.43	1	0.27	0.27	NA	NA	NA
NW_025317849.1	1	25839	52.42	52	50	52.22	0.99	0.27	0.27	NA	NA	NA
NW_025317850.1	1	25589	60.18	60	58	60.34	1.15	0.29	0.31	NA	NA	NA
NW_025317851.1	1	25445	47.9	48	47	47.87	0.91	0.26	0.25	NA	NA	NA
NW_025317852.1	1	25356	44.93	46	54	46.65	0.89	0.26	0.24	NA	NA	NA
NW_025317853.1	1	25313	47.19	49	50	49.35	0.94	0.27	0.26	NA	NA	NA
NW_025317854.1	1	25302	33.1	32	30	33.82	0.64	0.22	0.18	NA	NA	NA
NW_025317855.1	1	25284	2652.44	2873	17	403.67	7.67	0.76	2.09	NA	NA	NA
NW_025317856.1	1	25259	42.43	43	37	43.13	0.82	0.25	0.22	NA	NA	NA
NW_025317857.1	1	25245	47.79	50	51	48.69	0.93	0.26	0.25	NA	NA	NA
NW_025317858.1	1	25193	44.83	45	48	45.03	0.86	0.25	0.23	NA	NA	NA
NW_025317859.1	1	25141	44.68	45	45	44.79	0.85	0.25	0.23	NA	NA	NA
NW_025317860.1	1	25064	52.65	53	45	52.56	1	0.27	0.27	NA	NA	NA
NW_025317861.1	1	25056	59.1	60	61	59.39	1.13	0.29	0.31	NA	NA	NA
NW_025317862.1	1	25054	53.22	52	52	52.78	1	0.28	0.27	NA	NA	NA
NW_025317863.1	1	25044	30.87	30	27	29.72	0.56	0.21	0.15	NA	NA	NA
NW_025317864.1	1	25034	52.1	52	55	51.99	0.99	0.27	0.27	NA	NA	NA
NW_025317865.1	1	25030	53.3	44	43	44.53	0.85	0.25	0.23	NA	NA	NA
NW_025317866.1	1	25016	92.77	95	71	92.97	1.77	0.37	0.48	NA	NA	NA
NW_025317867.1	1	25014	40.65	32	25	38.49	0.73	0.23	0.2	NA	NA	NA
NW_025317868.1	1	25004	47.86	48	49	48.16	0.92	0.26	0.25	NA	NA	NA
NW_025317869.1	1	24988	54.89	61	61	62.35	1.18	0.3	0.32	NA	NA	NA
NW_025317870.1	1	24967	180.64	183	200	182.43	3.47	0.51	0.95	NA	NA	NA
NW_025317871.1	1	24957	66.09	67	89	67.33	1.28	0.31	0.35	NA	NA	NA
NW_025317872.1	1	24940	75.27	92	24	85.01	1.62	0.35	0.44	NA	NA	NA
NW_025317873.1	1	24939	69.65	73	76	71.65	1.36	0.32	0.37	NA	NA	NA
NW_025317874.1	1	24928	50.69	52	52	51.13	0.97	0.27	0.27	NA	NA	NA
NW_025317875.1	1	24915	120.98	123	125	121.68	2.31	0.42	0.63	NA	NA	NA
NW_025317876.1	1	24901	224.16	248	305	242.24	4.6	0.59	1.26	NA	NA	NA
NW_025317877.1	1	24892	58.76	61	62	60.05	1.14	0.29	0.31	NA	NA	NA
NW_025317878.1	1	24880	47.02	50	50	47.71	0.91	0.26	0.25	NA	NA	NA
NW_025317879.1	1	24864	49.43	49	41	49.77	0.95	0.27	0.26	NA	NA	NA
NW_025317880.1	1	24824	56.64	57	58	56.72	1.08	0.29	0.29	NA	NA	NA
NW_025317881.1	1	24744	51.51	51	48	51.35	0.98	0.27	0.27	NA	NA	NA
NW_025317882.1	1	24604	46.1	46	48	46.15	0.88	0.26	0.24	NA	NA	NA
NW_025317883.1	1	24594	21.06	19	19	18.53	0.35	0.16	0.1	NA	NA	NA
NW_025317884.1	1	24573	53.07	54	47	53.11	1.01	0.28	0.28	NA	NA	NA
NW_025317885.1	1	24570	49.14	48	48	48.71	0.93	0.26	0.25	NA	NA	NA
NW_025317886.1	1	24356	55.56	57	45	56.55	1.07	0.28	0.29	NA	NA	NA
NW_025317887.1	1	24172	49.38	50	50	49.48	0.94	0.27	0.26	NA	NA	NA
NW_025317888.1	1	24170	46.12	44	34	44.95	0.85	0.25	0.23	NA	NA	NA
NW_025317889.1	1	24135	70.28	52	40	62.48	1.19	0.3	0.32	NA	NA	NA
NW_025317890.1	1	24102	56.34	58	71	57.74	1.1	0.29	0.3	NA	NA	NA
NW_025317891.1	1	24064	62.66	63	63	63.38	1.2	0.3	0.33	NA	NA	NA
NW_025317892.1	1	24042	41.45	44	46	44.66	0.85	0.25	0.23	NA	NA	NA
NW_025317893.1	1	24029	33.02	33	23	32.56	0.62	0.22	0.17	NA	NA	NA
NW_025317894.1	1	24010	49.75	50	46	49.25	0.94	0.27	0.26	NA	NA	NA
NW_025317895.1	1	23972	44.79	47	49	45.75	0.87	0.26	0.24	NA	NA	NA
NW_025317896.1	1	23883	51.23	59	72	54.74	1.04	0.28	0.28	NA	NA	NA
NW_025317897.1	1	23811	46.81	49	50	48.66	0.92	0.26	0.25	NA	NA	NA
NW_025317898.1	1	23706	51.31	52	53	52.3	0.99	0.27	0.27	NA	NA	NA
NW_025317899.1	1	23695	41.56	41	41	41.69	0.79	0.24	0.22	NA	NA	NA
NW_025317900.1	1	23660	59.22	58	52	59.28	1.13	0.29	0.31	NA	NA	NA
NW_025317901.1	1	23638	63.1	64	63	64.17	1.22	0.3	0.33	NA	NA	NA
NW_025317902.1	1	23609	63.44	64	54	64.22	1.22	0.3	0.33	NA	NA	NA
NW_025317903.1	1	23566	56.94	57	58	57.15	1.09	0.29	0.3	NA	NA	NA
NW_025317904.1	1	23095	62.47	63	70	62.97	1.2	0.3	0.33	NA	NA	NA
NW_025317905.1	1	23082	63.42	60	60	55.89	1.06	0.28	0.29	NA	NA	NA
NW_025317906.1	1	23035	24.29	26	31	26.12	0.5	0.19	0.14	NA	NA	NA
NW_025317907.1	1	23005	62.53	61	57	62.54	1.19	0.3	0.32	NA	NA	NA
NW_025317908.1	1	22980	34.08	28	28	30.79	0.59	0.21	0.16	NA	NA	NA
NW_025317909.1	1	22979	29.75	26	46	29.98	0.57	0.21	0.16	NA	NA	NA
NW_025317910.1	1	22875	90.58	88	72	91.26	1.73	0.36	0.47	NA	NA	NA
NW_025317911.1	1	22764	60.37	57	42	59.8	1.14	0.29	0.31	NA	NA	NA
NW_025317912.1	1	22719	52.7	54	56	53.03	1.01	0.28	0.27	NA	NA	NA
NW_025317913.1	1	22587	45.28	46	44	46.08	0.88	0.26	0.24	NA	NA	NA
NW_025317914.1	1	22540	50.83	53	55	52.47	1	0.27	0.27	NA	NA	NA
NW_025317915.1	1	22509	58.19	61	47	59.58	1.13	0.29	0.31	NA	NA	NA
NW_025317916.1	1	22345	19.18	11	2	16.85	0.32	0.16	0.09	NA	NA	NA
NW_025317917.1	1	22233	40.76	41	44	41.31	0.78	0.24	0.21	NA	NA	NA
NW_025317918.1	1	22227	39.25	41	45	40.64	0.77	0.24	0.21	NA	NA	NA
NW_025317919.1	1	22175	27.39	27	26	26.55	0.5	0.2	0.14	NA	NA	NA
NW_025317920.1	1	22173	58.47	60	61	59.78	1.14	0.29	0.31	NA	NA	NA
NW_025317921.1	1	22173	43.15	47	47	44.46	0.84	0.25	0.23	NA	NA	NA
NW_025317922.1	1	22086	102.23	74	71	97.72	1.86	0.37	0.51	NA	NA	NA
NW_025317923.1	1	22032	37.95	37	39	37.14	0.71	0.23	0.19	NA	NA	NA
NW_025317924.1	1	22019	25.06	29	29	28.07	0.53	0.2	0.15	NA	NA	NA
NW_025317925.1	1	21933	47.58	49	35	48.23	0.92	0.26	0.25	NA	NA	NA
NW_025317926.1	1	21908	48.37	49	50	48.84	0.93	0.26	0.25	NA	NA	NA
NW_025317927.1	1	21613	54.29	53	52	54	1.03	0.28	0.28	NA	NA	NA
NW_025317928.1	1	21563	67.15	74	76	72.39	1.38	0.32	0.38	NA	NA	NA
NW_025317929.1	1	21528	46.04	47	48	46.41	0.88	0.26	0.24	NA	NA	NA
NW_025317930.1	1	21423	60.05	59	57	59.88	1.14	0.29	0.31	NA	NA	NA
NW_025317931.1	1	21344	11.93	13	14	12.83	0.24	0.14	0.07	NA	NA	NA
NW_025317932.1	1	21298	46.34	46	46	46.44	0.88	0.26	0.24	NA	NA	NA
NW_025317933.1	1	21288	57.05	59	69	58.35	1.11	0.29	0.3	NA	NA	NA
NW_025317934.1	1	21258	65.52	65	59	65.31	1.24	0.31	0.34	NA	NA	NA
NW_025317935.1	1	21248	63.39	60	57	61.69	1.17	0.3	0.32	NA	NA	NA
NW_025317936.1	1	21149	55.69	60	64	57.74	1.1	0.29	0.3	NA	NA	NA
NW_025317937.1	1	21068	112.62	119	133	118.96	2.26	0.41	0.62	NA	NA	NA
NW_025317938.1	1	21068	52.6	52	49	52.45	1	0.27	0.27	NA	NA	NA
NW_025317939.1	1	21057	60.52	60	58	60.44	1.15	0.29	0.31	NA	NA	NA
NW_025317940.1	1	21056	46.04	46	46	45.59	0.87	0.26	0.24	NA	NA	NA
NW_025317941.1	1	21052	56.32	53	49	55.36	1.05	0.28	0.29	NA	NA	NA
NW_025317942.1	1	21047	67.77	65	65	67.13	1.28	0.31	0.35	NA	NA	NA
NW_025317943.1	1	21015	52.45	53	53	52.61	1	0.27	0.27	NA	NA	NA
NW_025317944.1	1	20993	50.04	51	52	50.57	0.96	0.27	0.26	NA	NA	NA
NW_025317945.1	1	20956	29.76	28	26	29.21	0.56	0.2	0.15	NA	NA	NA
NW_025317946.1	1	20914	58.24	51	44	56.65	1.08	0.29	0.29	NA	NA	NA
NW_025317947.1	1	20900	42.54	44	45	44.03	0.84	0.25	0.23	NA	NA	NA
NW_025317948.1	1	20867	47.06	47	49	47.53	0.9	0.26	0.25	NA	NA	NA
NW_025317949.1	1	20847	20.28	22	22	21.2	0.4	0.17	0.11	NA	NA	NA
NW_025317950.1	1	20682	80.39	85	92	82.51	1.57	0.34	0.43	NA	NA	NA
NW_025317951.1	1	20665	57.2	58	60	58.09	1.1	0.29	0.3	NA	NA	NA
NW_025317952.1	1	20477	67.13	72	73	70.68	1.34	0.32	0.37	NA	NA	NA
NW_025317953.1	1	20349	49.56	50	42	48.29	0.92	0.26	0.25	NA	NA	NA
NW_025317954.1	1	20298	54.91	78	4	62.44	1.19	0.3	0.32	NA	NA	NA
NW_025317955.1	1	20173	57.76	59	60	58.94	1.12	0.29	0.31	NA	NA	NA
NW_025317956.1	1	20172	20.02	20	15	19.78	0.38	0.17	0.1	NA	NA	NA
NW_025317957.1	1	20153	47.19	47	47	47.29	0.9	0.26	0.25	NA	NA	NA
NW_025317958.1	1	20078	46.75	46	45	47.17	0.9	0.26	0.24	NA	NA	NA
NW_025317959.1	1	20022	48.07	48	44	48.6	0.92	0.26	0.25	NA	NA	NA
NW_025317960.1	1	20020	46.03	50	52	51.66	0.98	0.27	0.27	NA	NA	NA
NW_025317961.1	1	19991	45.62	45	44	44.79	0.85	0.25	0.23	NA	NA	NA
NW_025317962.1	1	19988	51.28	56	57	53.68	1.02	0.28	0.28	NA	NA	NA
NW_025317963.1	1	19987	41.16	42	42	42.09	0.8	0.25	0.22	NA	NA	NA
NW_025317964.1	1	19971	52.37	54	57	52.79	1	0.28	0.27	NA	NA	NA
NW_025317965.1	1	19968	34.95	36	43	35.93	0.68	0.23	0.19	NA	NA	NA
NW_025317966.1	1	19965	38.08	29	16	33.77	0.64	0.22	0.18	NA	NA	NA
NW_025317967.1	1	19962	48.8	50	50	49.46	0.94	0.27	0.26	NA	NA	NA
NW_025317968.1	1	19952	24.53	25	28	24.72	0.47	0.19	0.13	NA	NA	NA
NW_025317969.1	1	19946	45.29	46	46	45.44	0.86	0.26	0.24	NA	NA	NA
NW_025317970.1	1	19925	47.38	48	48	49.11	0.93	0.27	0.25	NA	NA	NA
NW_025317971.1	1	19878	49.24	49	51	49.07	0.93	0.27	0.25	NA	NA	NA
NW_025317972.1	1	19873	36.11	42	16	38.63	0.73	0.24	0.2	NA	NA	NA
NW_025317973.1	1	19855	44.13	44	50	44.34	0.84	0.25	0.23	NA	NA	NA
NW_025317974.1	1	19852	75.45	70	41	67.71	1.29	0.31	0.35	NA	NA	NA
NW_025317975.1	1	19846	61.52	67	74	63.33	1.2	0.3	0.33	NA	NA	NA
NW_025317976.1	1	19793	27.05	28	38	27.72	0.53	0.2	0.14	NA	NA	NA
NW_025317977.1	1	19670	53.39	51	49	52.65	1	0.27	0.27	NA	NA	NA
NW_025317978.1	1	19668	27.88	25	11	26.58	0.51	0.2	0.14	NA	NA	NA
NW_025317979.1	1	19647	58.86	59	62	58.91	1.12	0.29	0.31	NA	NA	NA
NW_025317980.1	1	19602	55.12	55	55	55.07	1.05	0.28	0.29	NA	NA	NA
NW_025317981.1	1	19505	50.14	50	50	50.01	0.95	0.27	0.26	NA	NA	NA
NW_025317982.1	1	19444	50.07	51	48	50.84	0.97	0.27	0.26	NA	NA	NA
NW_025317983.1	1	19407	12.23	14	15	12.68	0.24	0.13	0.07	NA	NA	NA
NW_025317984.1	1	19368	69.61	67	61	69.5	1.32	0.32	0.36	NA	NA	NA
NW_025317985.1	1	19124	32.17	35	35	33.19	0.63	0.22	0.17	NA	NA	NA
NW_025317986.1	1	19080	53.63	60	74	56.35	1.07	0.28	0.29	NA	NA	NA
NW_025317987.1	1	19015	49.87	51	53	50.29	0.96	0.27	0.26	NA	NA	NA
NW_025317988.1	1	19012	55.7	61	29	56.3	1.07	0.28	0.29	NA	NA	NA
NW_025317989.1	1	18991	59.8	56	49	57.98	1.1	0.29	0.3	NA	NA	NA
NW_025317990.1	1	18969	97.5	42	38	90.84	1.73	0.36	0.47	NA	NA	NA
NW_025317991.1	1	18963	61.43	57	68	60.42	1.15	0.29	0.31	NA	NA	NA
NW_025317992.1	1	18959	47.19	46	20	47.61	0.9	0.26	0.25	NA	NA	NA
NW_025317993.1	1	18941	76.84	81	96	78.21	1.49	0.33	0.41	NA	NA	NA
NW_025317994.1	1	18938	48.09	49	48	49.35	0.94	0.27	0.26	NA	NA	NA
NW_025317995.1	1	18935	50.29	50	51	49.78	0.95	0.27	0.26	NA	NA	NA
NW_025317996.1	1	18920	45.76	53	53	48.92	0.93	0.26	0.25	NA	NA	NA
NW_025317997.1	1	18890	56.26	57	57	56.67	1.08	0.29	0.29	NA	NA	NA
NW_025317998.1	1	18859	115.85	118	135	118.69	2.26	0.41	0.62	NA	NA	NA
NW_025317999.1	1	18836	54.18	54	54	54.36	1.03	0.28	0.28	NA	NA	NA
NW_025318000.1	1	18833	50.72	50	50	50.66	0.96	0.27	0.26	NA	NA	NA
NW_025318001.1	1	18746	56.37	58	61	57.54	1.09	0.29	0.3	NA	NA	NA
NW_025318002.1	1	18746	33.98	33	33	33.74	0.64	0.22	0.17	NA	NA	NA
NW_025318003.1	1	18629	29.8	30	31	29.48	0.56	0.21	0.15	NA	NA	NA
NW_025318004.1	1	18298	49.17	49	45	48.97	0.93	0.27	0.25	NA	NA	NA
NW_025318005.1	1	18113	53.45	68	25	53.6	1.02	0.28	0.28	NA	NA	NA
NW_025318006.1	1	18105	53.45	53	53	52.68	1	0.27	0.27	NA	NA	NA
NW_025318007.1	1	18080	33.71	36	41	34.91	0.66	0.22	0.18	NA	NA	NA
NW_025318008.1	1	18078	31.79	30	23	30.73	0.58	0.21	0.16	NA	NA	NA
NW_025318009.1	1	18053	44.72	45	45	44.88	0.85	0.25	0.23	NA	NA	NA
NW_025318010.1	1	18013	19.71	20	10	19.57	0.37	0.17	0.1	NA	NA	NA
NW_025318011.1	1	17974	44.76	45	46	43.99	0.84	0.25	0.23	NA	NA	NA
NW_025318012.1	1	17974	53.84	52	60	53.79	1.02	0.28	0.28	NA	NA	NA
NW_025318013.1	1	17966	13.2	13	9	13.12	0.25	0.14	0.07	NA	NA	NA
NW_025318014.1	1	17948	53.84	55	61	53.92	1.02	0.28	0.28	NA	NA	NA
NW_025318015.1	1	17918	48.48	50	44	48.68	0.93	0.26	0.25	NA	NA	NA
NW_025318016.1	1	17912	60.51	62	71	61.77	1.17	0.3	0.32	NA	NA	NA
NW_025318017.1	1	17892	47.96	49	49	48.37	0.92	0.26	0.25	NA	NA	NA
NW_025318018.1	1	17832	51.78	54	65	53.31	1.01	0.28	0.28	NA	NA	NA
NW_025318019.1	1	17803	69.49	68	65	69.01	1.31	0.31	0.36	NA	NA	NA
NW_025318020.1	1	17766	53.39	49	45	52.62	1	0.27	0.27	NA	NA	NA
NW_025318021.1	1	17710	29.78	31	20	29.24	0.56	0.2	0.15	NA	NA	NA
NW_025318022.1	1	17699	65.22	67	67	65.71	1.25	0.31	0.34	NA	NA	NA
NW_025318023.1	1	17673	59.6	61	62	59.56	1.13	0.29	0.31	NA	NA	NA
NW_025318024.1	1	17593	51.92	51	56	51.8	0.98	0.27	0.27	NA	NA	NA
NW_025318025.1	1	17501	54.34	57	60	55.72	1.06	0.28	0.29	NA	NA	NA
NW_025318026.1	1	17079	32.35	31	27	31.51	0.6	0.21	0.16	NA	NA	NA
NW_025318027.1	1	17061	45.91	50	49	51.01	0.97	0.27	0.26	NA	NA	NA
NW_025318028.1	1	17036	46.65	45	45	46.35	0.88	0.26	0.24	NA	NA	NA
NW_025318029.1	1	17034	41.67	38	35	40.45	0.77	0.24	0.21	NA	NA	NA
NW_025318030.1	1	17025	52.35	49	68	52.43	1	0.27	0.27	NA	NA	NA
NW_025318031.1	1	17022	66.96	65	62	64.62	1.23	0.3	0.34	NA	NA	NA
NW_025318032.1	1	17018	43.55	45	56	44.86	0.85	0.25	0.23	NA	NA	NA
NW_025318033.1	1	16999	51.38	49	49	50.64	0.96	0.27	0.26	NA	NA	NA
NW_025318034.1	1	16990	58.16	60	60	59.03	1.12	0.29	0.31	NA	NA	NA
NW_025318035.1	1	16989	37.73	36	34	37.45	0.71	0.23	0.19	NA	NA	NA
NW_025318036.1	1	16979	43	46	51	44.97	0.85	0.25	0.23	NA	NA	NA
NW_025318037.1	1	16977	50.74	45	41	48.21	0.92	0.26	0.25	NA	NA	NA
NW_025318038.1	1	16976	48.82	48.5	47	48.73	0.93	0.26	0.25	NA	NA	NA
NW_025318039.1	1	16967	43.9	44	43	43.77	0.83	0.25	0.23	NA	NA	NA
NW_025318040.1	1	16957	50.26	43	41	47.23	0.9	0.26	0.24	NA	NA	NA
NW_025318041.1	1	16946	45.06	45	43	44.95	0.85	0.25	0.23	NA	NA	NA
NW_025318042.1	1	16905	39.39	40	44	40.24	0.76	0.24	0.21	NA	NA	NA
NW_025318043.1	1	16901	42.69	48	21	47.39	0.9	0.26	0.25	NA	NA	NA
NW_025318044.1	1	16892	51.49	48	47	50.62	0.96	0.27	0.26	NA	NA	NA
NW_025318045.1	1	16829	44.62	45	48	44.76	0.85	0.25	0.23	NA	NA	NA
NW_025318046.1	1	16769	50.8	51	48	50.71	0.96	0.27	0.26	NA	NA	NA
NW_025318047.1	1	16720	65.07	70	71	69.98	1.33	0.32	0.36	NA	NA	NA
NW_025318048.1	1	16693	58.03	63	63	60.11	1.14	0.29	0.31	NA	NA	NA
NW_025318049.1	1	16687	48.34	49	45	48.2	0.92	0.26	0.25	NA	NA	NA
NW_025318050.1	1	16678	26.11	27	27	26.54	0.5	0.2	0.14	NA	NA	NA
NW_025318051.1	1	16433	47.52	49	51	48.25	0.92	0.26	0.25	NA	NA	NA
NW_025318052.1	1	16311	54.4	54	54	54.38	1.03	0.28	0.28	NA	NA	NA
NW_025318053.1	1	16274	49.88	50	52	49.79	0.95	0.27	0.26	NA	NA	NA
NW_025318054.1	1	16241	42.75	42	42	41.86	0.8	0.25	0.22	NA	NA	NA
NW_025318055.1	1	16110	36.22	39	38	38.74	0.74	0.24	0.2	NA	NA	NA
NW_025318056.1	1	16107	48.54	48	52	48.51	0.92	0.26	0.25	NA	NA	NA
NW_025318057.1	1	16090	45.35	48	48	46.33	0.88	0.26	0.24	NA	NA	NA
NW_025318058.1	1	16060	93.12	111	34	98.91	1.88	0.38	0.51	NA	NA	NA
NW_025318059.1	1	16032	45.37	45	45	45.4	0.86	0.26	0.24	NA	NA	NA
NW_025318060.1	1	16011	40.85	42	49	42.03	0.8	0.25	0.22	NA	NA	NA
NW_025318061.1	1	16010	70.13	79	79	72.29	1.37	0.32	0.37	NA	NA	NA
NW_025318062.1	1	15999	60.87	62	58	61.21	1.16	0.3	0.32	NA	NA	NA
NW_025318063.1	1	15994	66.41	60	60	63.98	1.22	0.3	0.33	NA	NA	NA
NW_025318064.1	1	15993	64.84	63	63	64.19	1.22	0.3	0.33	NA	NA	NA
NW_025318065.1	1	15993	62.46	64	66	63.25	1.2	0.3	0.33	NA	NA	NA
NW_025318066.1	1	15989	61.45	62	62	61.37	1.17	0.3	0.32	NA	NA	NA
NW_025318067.1	1	15983	42.12	43	36	41.63	0.79	0.24	0.22	NA	NA	NA
NW_025318068.1	1	15978	57.17	57	58	57.18	1.09	0.29	0.3	NA	NA	NA
NW_025318069.1	1	15974	46.09	47	48	46.62	0.89	0.26	0.24	NA	NA	NA
NW_025318070.1	1	15973	45.47	45	44	45.5	0.86	0.26	0.24	NA	NA	NA
NW_025318071.1	1	15964	68.42	76	77	70.33	1.34	0.32	0.36	NA	NA	NA
NW_025318072.1	1	15946	52.65	56	57	55.32	1.05	0.28	0.29	NA	NA	NA
NW_025318073.1	1	15938	51.57	52	54	51.75	0.98	0.27	0.27	NA	NA	NA
NW_025318074.1	1	15934	44.15	45	35	44.04	0.84	0.25	0.23	NA	NA	NA
NW_025318075.1	1	15914	59.44	59	56	58.79	1.12	0.29	0.3	NA	NA	NA
NW_025318076.1	1	15914	39.5	39	38	39.29	0.75	0.24	0.2	NA	NA	NA
NW_025318077.1	1	15895	55.18	53	49	51.13	0.97	0.27	0.27	NA	NA	NA
NW_025318078.1	1	15884	56.87	60	61	57.38	1.09	0.29	0.3	NA	NA	NA
NW_025318079.1	1	15861	52.37	52	52	52.67	1	0.27	0.27	NA	NA	NA
NW_025318080.1	1	15818	83.33	84	79	84.59	1.61	0.35	0.44	NA	NA	NA
NW_025318081.1	1	15795	47.52	47	47	46.73	0.89	0.26	0.24	NA	NA	NA
NW_025318082.1	1	15770	62.22	62	57	62.15	1.18	0.3	0.32	NA	NA	NA
NW_025318083.1	1	15731	56.75	59	60	59.31	1.13	0.29	0.31	NA	NA	NA
NW_025318084.1	1	15711	42.89	43	43	43.13	0.82	0.25	0.22	NA	NA	NA
NW_025318085.1	1	15685	38.89	41	41	39.91	0.76	0.24	0.21	NA	NA	NA
NW_025318086.1	1	15622	46.65	47	27	47.66	0.91	0.26	0.25	NA	NA	NA
NW_025318087.1	1	15618	56.43	58	59	57.4	1.09	0.29	0.3	NA	NA	NA
NW_025318088.1	1	15618	43.66	43	43	43.8	0.83	0.25	0.23	NA	NA	NA
NW_025318089.1	1	15596	44.7	41	38	43.64	0.83	0.25	0.23	NA	NA	NA
NW_025318090.1	1	15403	60.25	62	62	60.92	1.16	0.3	0.32	NA	NA	NA
NW_025318091.1	1	15326	36.88	31	22	35.88	0.68	0.23	0.19	NA	NA	NA
NW_025318092.1	1	15321	42.75	45	47	43.86	0.83	0.25	0.23	NA	NA	NA
NW_025318093.1	1	15304	48.48	49	43	48.55	0.92	0.26	0.25	NA	NA	NA
NW_025318094.1	1	15265	47.79	49	51	48.37	0.92	0.26	0.25	NA	NA	NA
NW_025318095.1	1	15214	101.39	97	93	102.44	1.95	0.38	0.53	NA	NA	NA
NW_025318096.1	1	15208	62.56	62	57	62.37	1.19	0.3	0.32	NA	NA	NA
NW_025318097.1	1	15208	54.31	52	55	53.06	1.01	0.28	0.28	NA	NA	NA
NW_025318098.1	1	15200	55.06	55	55	55.49	1.05	0.28	0.29	NA	NA	NA
NW_025318099.1	1	15197	55.1	55	55	55.06	1.05	0.28	0.29	NA	NA	NA
NW_025318100.1	1	15194	50.62	51	43	50.58	0.96	0.27	0.26	NA	NA	NA
NW_025318101.1	1	15138	48.05	54	66	49.38	0.94	0.27	0.26	NA	NA	NA
NW_025318102.1	1	15131	33.74	39	41	34.89	0.66	0.22	0.18	NA	NA	NA
NW_025318103.1	1	15126	42.57	42	41	41.86	0.8	0.25	0.22	NA	NA	NA
NW_025318104.1	1	15072	26.35	28	30	26.87	0.51	0.2	0.14	NA	NA	NA
NW_025318105.1	1	15049	25.45	25	30	25.71	0.49	0.19	0.13	NA	NA	NA
NW_025318106.1	1	15019	51.19	51	54	51.32	0.98	0.27	0.27	NA	NA	NA
NW_025318107.1	1	15014	48.33	49	49	48.81	0.93	0.26	0.25	NA	NA	NA
NW_025318108.1	1	15004	53.24	53	52	53.08	1.01	0.28	0.28	NA	NA	NA
NW_025318109.1	1	14997	43.09	42	42	42.52	0.81	0.25	0.22	NA	NA	NA
NW_025318110.1	1	14974	50.9	51	51	50.57	0.96	0.27	0.26	NA	NA	NA
NW_025318111.1	1	14959	49.84	51	51	50.68	0.96	0.27	0.26	NA	NA	NA
NW_025318112.1	1	14954	47.68	46	43	47.59	0.9	0.26	0.25	NA	NA	NA
NW_025318113.1	1	14894	25.06	26	27	26.32	0.5	0.19	0.14	NA	NA	NA
NW_025318114.1	1	14861	55.1	55	55	55.65	1.06	0.28	0.29	NA	NA	NA
NW_025318115.1	1	14860	52.18	54	56	53.08	1.01	0.28	0.28	NA	NA	NA
NW_025318116.1	1	14799	79.96	86	86	83.37	1.58	0.35	0.43	NA	NA	NA
NW_025318117.1	1	14771	44.67	48	50	45.82	0.87	0.26	0.24	NA	NA	NA
NW_025318118.1	1	14732	54.59	55	54	55.32	1.05	0.28	0.29	NA	NA	NA
NW_025318119.1	1	14652	39.44	39	43	39.57	0.75	0.24	0.21	NA	NA	NA
NW_025318120.1	1	14612	44	44	45	44.2	0.84	0.25	0.23	NA	NA	NA
NW_025318121.1	1	14586	130.71	134	155	132.49	2.52	0.44	0.69	NA	NA	NA
NW_025318122.1	1	14443	1224.04	1382	30	29.97	0.57	0.21	0.16	NA	NA	NA
NW_025318123.1	1	14333	53.68	54	54	53.66	1.02	0.28	0.28	NA	NA	NA
NW_025318124.1	1	14304	58.23	57	55	58.15	1.1	0.29	0.3	NA	NA	NA
NW_025318125.1	1	14211	71.82	73	81	72.82	1.38	0.32	0.38	NA	NA	NA
NW_025318126.1	1	14101	43.3	44	25	44.02	0.84	0.25	0.23	NA	NA	NA
NW_025318127.1	1	14089	87.64	83	10	79.23	1.51	0.34	0.41	NA	NA	NA
NW_025318128.1	1	14066	52.5	54	54	53.15	1.01	0.28	0.28	NA	NA	NA
NW_025318129.1	1	14061	44.9	46	46	45.66	0.87	0.26	0.24	NA	NA	NA
NW_025318130.1	1	14029	45.21	42	40	43.08	0.82	0.25	0.22	NA	NA	NA
NW_025318131.1	1	14010	45.04	45	43	45.01	0.86	0.25	0.23	NA	NA	NA
NW_025318132.1	1	14005	64.88	65	66	64.89	1.23	0.31	0.34	NA	NA	NA
NW_025318133.1	1	13982	42.93	42	40	42.83	0.81	0.25	0.22	NA	NA	NA
NW_025318134.1	1	13973	27.01	25	24	26.84	0.51	0.2	0.14	NA	NA	NA
NW_025318135.1	1	13957	53.24	52	50	52.8	1	0.28	0.27	NA	NA	NA
NW_025318136.1	1	13955	44.95	46	47	45.32	0.86	0.25	0.24	NA	NA	NA
NW_025318137.1	1	13942	63.09	66	79	63.51	1.21	0.3	0.33	NA	NA	NA
NW_025318138.1	1	13871	65.76	60	59	64.65	1.23	0.3	0.34	NA	NA	NA
NW_025318139.1	1	13847	43.25	44	44	43.43	0.83	0.25	0.23	NA	NA	NA
NW_025318140.1	1	13749	26.8	29	37	27.88	0.53	0.2	0.14	NA	NA	NA
NW_025318141.1	1	13548	87.62	93	46	89.01	1.69	0.36	0.46	NA	NA	NA
NW_025318142.1	1	13495	44.05	46	47	44.38	0.84	0.25	0.23	NA	NA	NA
NW_025318143.1	1	13490	57.61	60	61	58.24	1.11	0.29	0.3	NA	NA	NA
NW_025318144.1	1	13303	47.37	51	52	49.39	0.94	0.27	0.26	NA	NA	NA
NW_025318145.1	1	13242	56.42	57	57	56.92	1.08	0.29	0.3	NA	NA	NA
NW_025318146.1	1	13191	57.19	56	55	56.99	1.08	0.29	0.3	NA	NA	NA
NW_025318147.1	1	13171	36.97	37	37	36.81	0.7	0.23	0.19	NA	NA	NA
NW_025318148.1	1	13145	51.16	52	53	51.64	0.98	0.27	0.27	NA	NA	NA
NW_025318149.1	1	13125	36.4	43	13	37.35	0.71	0.23	0.19	NA	NA	NA
NW_025318150.1	1	13120	52.61	52	50	52.69	1	0.27	0.27	NA	NA	NA
NW_025318151.1	1	13080	43.88	48	48	45.07	0.86	0.25	0.23	NA	NA	NA
NW_025318152.1	1	13053	55.83	54	53	55.63	1.06	0.28	0.29	NA	NA	NA
NW_025318153.1	1	13013	61.41	62	65	61.41	1.17	0.3	0.32	NA	NA	NA
NW_025318154.1	1	13005	52.93	54	55	53.38	1.01	0.28	0.28	NA	NA	NA
NW_025318155.1	1	13004	45.34	45	45	45.38	0.86	0.26	0.24	NA	NA	NA
NW_025318156.1	1	12994	49.88	48	45	49.35	0.94	0.27	0.26	NA	NA	NA
NW_025318157.1	1	12984	39.97	39	48	40.25	0.76	0.24	0.21	NA	NA	NA
NW_025318158.1	1	12978	58.15	58	59	58.03	1.1	0.29	0.3	NA	NA	NA
NW_025318159.1	1	12974	48.61	49	52	49.1	0.93	0.27	0.25	NA	NA	NA
NW_025318160.1	1	12961	35.83	35	36	35.29	0.67	0.22	0.18	NA	NA	NA
NW_025318161.1	1	12938	43.82	43	46	43.63	0.83	0.25	0.23	NA	NA	NA
NW_025318162.1	1	12938	27.97	27	26	27.6	0.52	0.2	0.14	NA	NA	NA
NW_025318163.1	1	12935	44.23	45	46	44.58	0.85	0.25	0.23	NA	NA	NA
NW_025318164.1	1	12931	42.52	43	41	42.78	0.81	0.25	0.22	NA	NA	NA
NW_025318165.1	1	12908	53.88	57	38	58.19	1.11	0.29	0.3	NA	NA	NA
NW_025318166.1	1	12878	45.73	48	49	47.44	0.9	0.26	0.25	NA	NA	NA
NW_025318167.1	1	12876	44.25	44	43	44.15	0.84	0.25	0.23	NA	NA	NA
NW_025318168.1	1	12861	46.12	44	42	45.65	0.87	0.26	0.24	NA	NA	NA
NW_025318169.1	1	12845	38.53	39	22	39.26	0.75	0.24	0.2	NA	NA	NA
NW_025318170.1	1	12844	31.45	32	30	31.67	0.6	0.21	0.16	NA	NA	NA
NW_025318171.1	1	12815	52.33	53	55	53.01	1.01	0.28	0.27	NA	NA	NA
NW_025318172.1	1	12815	57.6	59	59	59.11	1.12	0.29	0.31	NA	NA	NA
NW_025318173.1	1	12812	27	27	27	26.86	0.51	0.2	0.14	NA	NA	NA
NW_025318174.1	1	12502	38.25	39	39	39.04	0.74	0.24	0.2	NA	NA	NA
NW_025318175.1	1	12432	56.46	48	46	54.99	1.04	0.28	0.29	NA	NA	NA
NW_025318176.1	1	12395	37.41	38	39	37.58	0.71	0.23	0.19	NA	NA	NA
NW_025318177.1	1	12315	219.2	267	68	235.69	4.48	0.58	1.22	NA	NA	NA
NW_025318178.1	1	12272	57.54	57	56	57.6	1.09	0.29	0.3	NA	NA	NA
NW_025318179.1	1	12264	52.36	52	50	52.62	1	0.27	0.27	NA	NA	NA
NW_025318180.1	1	12263	55.11	55	55	55.1	1.05	0.28	0.29	NA	NA	NA
NW_025318181.1	1	12204	50.21	51	48	50.96	0.97	0.27	0.26	NA	NA	NA
NW_025318182.1	1	12189	47.2	49	53	48.29	0.92	0.26	0.25	NA	NA	NA
NW_025318183.1	1	12160	54.03	54	54	54.03	1.03	0.28	0.28	NA	NA	NA
NW_025318184.1	1	12148	60.99	61	63	61.26	1.16	0.3	0.32	NA	NA	NA
NW_025318185.1	1	12118	52.16	54	60	52.6	1	0.27	0.27	NA	NA	NA
NW_025318186.1	1	12118	42.24	43	42	43.75	0.83	0.25	0.23	NA	NA	NA
NW_025318187.1	1	12108	49.41	49	53	49.45	0.94	0.27	0.26	NA	NA	NA
NW_025318188.1	1	12106	49.95	50	52	50.25	0.95	0.27	0.26	NA	NA	NA
NW_025318189.1	1	12010	51.49	51	51	51.48	0.98	0.27	0.27	NA	NA	NA
NW_025318190.1	1	12009	50.49	54	59	52.27	0.99	0.27	0.27	NA	NA	NA
NW_025318191.1	1	11989	51.35	52	57	52.02	0.99	0.27	0.27	NA	NA	NA
NW_025318192.1	1	11989	44.48	47	50	46.2	0.88	0.26	0.24	NA	NA	NA
NW_025318193.1	1	11986	51.06	52	54	51.57	0.98	0.27	0.27	NA	NA	NA
NW_025318194.1	1	11976	63.94	64	60	63.8	1.21	0.3	0.33	NA	NA	NA
NW_025318195.1	1	11971	45.69	43	43	43.05	0.82	0.25	0.22	NA	NA	NA
NW_025318196.1	1	11962	21.95	21	24	21.8	0.41	0.18	0.11	NA	NA	NA
NW_025318197.1	1	11926	46.66	49	49	48.94	0.93	0.26	0.25	NA	NA	NA
NW_025318198.1	1	11832	46.32	45	50	46.28	0.88	0.26	0.24	NA	NA	NA
NW_025318199.1	1	11830	50.46	50	50	50.42	0.96	0.27	0.26	NA	NA	NA
NW_025318200.1	1	11783	57.23	57	58	57.16	1.09	0.29	0.3	NA	NA	NA
NW_025318201.1	1	11705	47.7	48	48	47.74	0.91	0.26	0.25	NA	NA	NA
NW_025318202.1	1	11675	46.86	47	47	46.79	0.89	0.26	0.24	NA	NA	NA
NW_025318203.1	1	11660	44.47	46	47	45.21	0.86	0.25	0.23	NA	NA	NA
NW_025318204.1	1	11653	52.08	54	54	53.21	1.01	0.28	0.28	NA	NA	NA
NW_025318205.1	1	11649	52.46	52	51	52.81	1	0.28	0.27	NA	NA	NA
NW_025318206.1	1	11522	51.67	51	50	51.6	0.98	0.27	0.27	NA	NA	NA
NW_025318207.1	1	11489	38.3	38	32	38.37	0.73	0.23	0.2	NA	NA	NA
NW_025318208.1	1	11444	50.51	51	52	50.72	0.96	0.27	0.26	NA	NA	NA
NW_025318209.1	1	11436	45.32	45	44	45.34	0.86	0.26	0.24	NA	NA	NA
NW_025318210.1	1	11429	19.01	19	22	19.16	0.36	0.17	0.1	NA	NA	NA
NW_025318211.1	1	11325	55.13	60	62	60.26	1.14	0.29	0.31	NA	NA	NA
NW_025318212.1	1	11293	54.36	55	55	54.79	1.04	0.28	0.28	NA	NA	NA
NW_025318213.1	1	11243	49.97	51	45	50.27	0.96	0.27	0.26	NA	NA	NA
NW_025318214.1	1	11210	52.41	50	49	51.65	0.98	0.27	0.27	NA	NA	NA
NW_025318215.1	1	11178	36.63	39	41	37.32	0.71	0.23	0.19	NA	NA	NA
NW_025318216.1	1	11129	52.56	53	51	52.49	1	0.27	0.27	NA	NA	NA
NW_025318217.1	1	11087	50.7	51	51	50.38	0.96	0.27	0.26	NA	NA	NA
NW_025318218.1	1	11082	53.23	52	52	52.62	1	0.27	0.27	NA	NA	NA
NW_025318219.1	1	11033	43.92	44	47	43.89	0.83	0.25	0.23	NA	NA	NA
NW_025318220.1	1	11011	57.55	57	56	57.53	1.09	0.29	0.3	NA	NA	NA
NW_025318221.1	1	11010	56.77	57	57	56.77	1.08	0.29	0.29	NA	NA	NA
NW_025318222.1	1	10995	37.58	38	39	38.08	0.72	0.23	0.2	NA	NA	NA
NW_025318223.1	1	10988	39.76	41	42	40.45	0.77	0.24	0.21	NA	NA	NA
NW_025318224.1	1	10984	62.79	65	65	63.41	1.2	0.3	0.33	NA	NA	NA
NW_025318225.1	1	10982	45.81	46	46	46.05	0.87	0.26	0.24	NA	NA	NA
NW_025318226.1	1	10972	56.19	58	58	57.75	1.1	0.29	0.3	NA	NA	NA
NW_025318227.1	1	10956	43.53	44	46	43.8	0.83	0.25	0.23	NA	NA	NA
NW_025318228.1	1	10945	56.97	57	58	57.07	1.08	0.29	0.3	NA	NA	NA
NW_025318229.1	1	10931	51.03	51	49	51.08	0.97	0.27	0.26	NA	NA	NA
NW_025318230.1	1	10929	40.61	41	48	41.09	0.78	0.24	0.21	NA	NA	NA
NW_025318231.1	1	10924	67.69	67	62	67.26	1.28	0.31	0.35	NA	NA	NA
NW_025318232.1	1	10759	43.68	43	40	43.42	0.83	0.25	0.23	NA	NA	NA
NW_025318233.1	1	10677	17.84	18	17	17.93	0.34	0.16	0.09	NA	NA	NA
NW_025318234.1	1	10578	42.53	42	42	42.28	0.8	0.25	0.22	NA	NA	NA
NW_025318235.1	1	10558	55.43	50	46	54.4	1.03	0.28	0.28	NA	NA	NA
NW_025318236.1	1	10239	47.56	47	50	47.41	0.9	0.26	0.25	NA	NA	NA
NW_025318237.1	1	10238	55.71	57	58	56.03	1.06	0.28	0.29	NA	NA	NA
NW_025318238.1	1	10238	39.54	40	40	39.69	0.75	0.24	0.21	NA	NA	NA
NW_025318239.1	1	10194	39.04	39	40	39.06	0.74	0.24	0.2	NA	NA	NA
NW_025318240.1	1	10189	48.16	48	48	48.1	0.91	0.26	0.25	NA	NA	NA
NW_025318241.1	1	10175	42.38	44	47	43.35	0.82	0.25	0.22	NA	NA	NA
NW_025318242.1	1	10072	56.98	57	59	57.11	1.09	0.29	0.3	NA	NA	NA
NW_025318243.1	1	10026	56.93	57	56	57.06	1.08	0.29	0.3	NA	NA	NA
NW_025318244.1	1	10018	52.02	52	37	52.36	0.99	0.27	0.27	NA	NA	NA
NW_025318245.1	1	10014	46.45	46	45	46.27	0.88	0.26	0.24	NA	NA	NA
NW_025318246.1	1	10007	46.73	46	44	46.44	0.88	0.26	0.24	NA	NA	NA
NW_025318247.1	1	10006	49.4	49	48	49.07	0.93	0.27	0.25	NA	NA	NA
NW_025318248.1	1	9985	47.17	47	47	47.4	0.9	0.26	0.25	NA	NA	NA
NW_025318249.1	1	9983	42.36	43	44	42.43	0.81	0.25	0.22	NA	NA	NA
NW_025318250.1	1	9982	66.14	66	67	66.25	1.26	0.31	0.34	NA	NA	NA
NW_025318251.1	1	9972	36.44	36	37	36.12	0.69	0.23	0.19	NA	NA	NA
NW_025318252.1	1	9953	50.63	51	53	50.91	0.97	0.27	0.26	NA	NA	NA
NW_025318253.1	1	9946	42.84	43	43	42.77	0.81	0.25	0.22	NA	NA	NA
NW_025318254.1	1	9940	46.61	47	47	46.95	0.89	0.26	0.24	NA	NA	NA
NW_025318255.1	1	9932	48.26	47	46	47.95	0.91	0.26	0.25	NA	NA	NA
NW_025318256.1	1	9925	58.76	58	56	58.54	1.11	0.29	0.3	NA	NA	NA
NW_025318257.1	1	9920	36.62	37	37	37.15	0.71	0.23	0.19	NA	NA	NA
NW_025318258.1	1	9916	48.9	51	53	49.38	0.94	0.27	0.26	NA	NA	NA
NW_025318259.1	1	9910	48.68	50	50	49.02	0.93	0.27	0.25	NA	NA	NA
NW_025318260.1	1	9870	70.99	79	48	72.08	1.37	0.32	0.37	NA	NA	NA
NW_025318261.1	1	9805	45.47	46	47	45.63	0.87	0.26	0.24	NA	NA	NA
NW_025318262.1	1	9728	35.87	32	31	31.87	0.61	0.21	0.17	NA	NA	NA
NW_025318263.1	1	9715	32.09	32	32	32.11	0.61	0.21	0.17	NA	NA	NA
NW_025318264.1	1	9531	22.52	23	28	22.8	0.43	0.18	0.12	NA	NA	NA
NW_025318265.1	1	9513	55.76	56	56	56.57	1.07	0.28	0.29	NA	NA	NA
NW_025318266.1	1	9456	36.16	36	35	36.09	0.69	0.23	0.19	NA	NA	NA
NW_025318267.1	1	9447	13.98	10	7	13.7	0.26	0.14	0.07	NA	NA	NA
NW_025318268.1	1	9405	43.73	44	49	43.92	0.83	0.25	0.23	NA	NA	NA
NW_025318269.1	1	9359	31.59	33	33	31.98	0.61	0.21	0.17	NA	NA	NA
NW_025318270.1	1	9356	46.97	48	48	47.76	0.91	0.26	0.25	NA	NA	NA
NW_025318271.1	1	9225	46.45	46	49	46.58	0.89	0.26	0.24	NA	NA	NA
NW_025318272.1	1	9115	44.91	45	46	45.06	0.86	0.25	0.23	NA	NA	NA
NW_025318273.1	1	9096	48.34	49	49	48.53	0.92	0.26	0.25	NA	NA	NA
NW_025318274.1	1	9030	53.23	54	54	53.43	1.02	0.28	0.28	NA	NA	NA
NW_025318275.1	1	9016	48.01	48	49	48.07	0.91	0.26	0.25	NA	NA	NA
NW_025318276.1	1	8999	52.62	53	56	52.94	1.01	0.28	0.27	NA	NA	NA
NW_025318277.1	1	8994	24.71	26	32	25.11	0.48	0.19	0.13	NA	NA	NA
NW_025318278.1	1	8991	40.94	41	39	40.95	0.78	0.24	0.21	NA	NA	NA
NW_025318279.1	1	8989	51.64	51	51	51.53	0.98	0.27	0.27	NA	NA	NA
NW_025318280.1	1	8976	44.92	44	43	44.75	0.85	0.25	0.23	NA	NA	NA
NW_025318281.1	1	8970	44.6	45	46	44.59	0.85	0.25	0.23	NA	NA	NA
NW_025318282.1	1	8965	42.24	43	43	43.1	0.82	0.25	0.22	NA	NA	NA
NW_025318283.1	1	8961	44.76	46	49	45.48	0.86	0.26	0.24	NA	NA	NA
NW_025318284.1	1	8948	49.88	49	49	49.93	0.95	0.27	0.26	NA	NA	NA
NW_025318285.1	1	8947	37.04	43	21	38.72	0.74	0.24	0.2	NA	NA	NA
NW_025318286.1	1	8908	44.54	41	40	43.05	0.82	0.25	0.22	NA	NA	NA
NW_025318287.1	1	8890	53	54	54	53.24	1.01	0.28	0.28	NA	NA	NA
NW_025318288.1	1	8890	53.14	53	50	53.14	1.01	0.28	0.28	NA	NA	NA
NW_025318289.1	1	8872	45.58	47	48	46.29	0.88	0.26	0.24	NA	NA	NA
NW_025318290.1	1	8826	51.36	45	42	50.96	0.97	0.27	0.26	NA	NA	NA
NW_025318291.1	1	8807	26.09	26	28	26.12	0.5	0.19	0.14	NA	NA	NA
NW_025318292.1	1	8779	50.25	50	50	50.26	0.96	0.27	0.26	NA	NA	NA
NW_025318293.1	1	8676	26.08	27	27	26.35	0.5	0.19	0.14	NA	NA	NA
NW_025318294.1	1	8648	43.65	42	42	43.3	0.82	0.25	0.22	NA	NA	NA
NW_025318295.1	1	8630	41.1	42	42	41.47	0.79	0.24	0.22	NA	NA	NA
NW_025318296.1	1	8543	46.36	45	44	45.94	0.87	0.26	0.24	NA	NA	NA
NW_025318297.1	1	8463	49.93	50	50	49.85	0.95	0.27	0.26	NA	NA	NA
NW_025318298.1	1	8403	64.3	64	64	63.97	1.22	0.3	0.33	NA	NA	NA
NW_025318299.1	1	8398	59.87	61	61	59.96	1.14	0.29	0.31	NA	NA	NA
NW_025318300.1	1	8330	36.51	39	40	38.88	0.74	0.24	0.2	NA	NA	NA
NW_025318301.1	1	8300	56.41	56	56	56.22	1.07	0.28	0.29	NA	NA	NA
NW_025318302.1	1	8296	43.92	45	45	44.36	0.84	0.25	0.23	NA	NA	NA
NW_025318303.1	1	8260	41.15	41	41	41.33	0.79	0.24	0.21	NA	NA	NA
NW_025318304.1	1	8251	46	47	48	46.16	0.88	0.26	0.24	NA	NA	NA
NW_025318305.1	1	8226	59.25	59	58	58.72	1.12	0.29	0.3	NA	NA	NA
NW_025318306.1	1	8209	48.96	49	47	48.92	0.93	0.26	0.25	NA	NA	NA
NW_025318307.1	1	8146	39.34	39	37	39.14	0.74	0.24	0.2	NA	NA	NA
NW_025318308.1	1	8121	65.61	64	63	65.43	1.24	0.31	0.34	NA	NA	NA
NW_025318309.1	1	8098	64.14	69	70	70	1.33	0.32	0.36	NA	NA	NA
NW_025318310.1	1	8074	56.32	58	60	56.71	1.08	0.29	0.29	NA	NA	NA
NW_025318311.1	1	8072	59.27	52	50	58.76	1.12	0.29	0.3	NA	NA	NA
NW_025318312.1	1	8015	54.3	54	54	54.5	1.04	0.28	0.28	NA	NA	NA
NW_025318313.1	1	7993	49.5	49	48	49.3	0.94	0.27	0.26	NA	NA	NA
NW_025318314.1	1	7990	58.33	58	58	58.36	1.11	0.29	0.3	NA	NA	NA
NW_025318315.1	1	7986	36.04	40	44	36.92	0.7	0.23	0.19	NA	NA	NA
NW_025318316.1	1	7985	63.86	64	67	63.99	1.22	0.3	0.33	NA	NA	NA
NW_025318317.1	1	7983	48.2	48	48	48.19	0.92	0.26	0.25	NA	NA	NA
NW_025318318.1	1	7982	64.11	60	58	63.92	1.21	0.3	0.33	NA	NA	NA
NW_025318319.1	1	7969	40.43	41	43	40.54	0.77	0.24	0.21	NA	NA	NA
NW_025318320.1	1	7959	44.87	44	44	44.84	0.85	0.25	0.23	NA	NA	NA
NW_025318321.1	1	7957	53.96	55	55	54.57	1.04	0.28	0.28	NA	NA	NA
NW_025318322.1	1	7947	42.21	42	44	42.36	0.8	0.25	0.22	NA	NA	NA
NW_025318323.1	1	7940	37.49	38	36	37.82	0.72	0.23	0.2	NA	NA	NA
NW_025318324.1	1	7932	47.69	50	51	49.96	0.95	0.27	0.26	NA	NA	NA
NW_025318325.1	1	7918	59.08	59	58	59.16	1.12	0.29	0.31	NA	NA	NA
NW_025318326.1	1	7907	53.92	52	52	53.84	1.02	0.28	0.28	NA	NA	NA
NW_025318327.1	1	7771	42.06	42	42	42.27	0.8	0.25	0.22	NA	NA	NA
NW_025318328.1	1	7738	30.01	23	15	28.69	0.55	0.2	0.15	NA	NA	NA
NW_025318329.1	1	7724	50.97	51	52	50.68	0.96	0.27	0.26	NA	NA	NA
NW_025318330.1	1	7697	53.06	53	52	53.08	1.01	0.28	0.28	NA	NA	NA
NW_025318331.1	1	7685	53.82	54	54	54	1.03	0.28	0.28	NA	NA	NA
NW_025318332.1	1	7675	44.35	44	47	44.49	0.85	0.25	0.23	NA	NA	NA
NW_025318333.1	1	7622	46.18	46	46	46.3	0.88	0.26	0.24	NA	NA	NA
NW_025318334.1	1	7578	44.21	55	60	45.51	0.86	0.26	0.24	NA	NA	NA
NW_025318335.1	1	7427	45.83	45	45	45.47	0.86	0.26	0.24	NA	NA	NA
NW_025318336.1	1	7425	39.26	39	39	39.38	0.75	0.24	0.2	NA	NA	NA
NW_025318337.1	1	7412	41.72	42	39	41.03	0.78	0.24	0.21	NA	NA	NA
NW_025318338.1	1	7369	47.32	49	50	48.31	0.92	0.26	0.25	NA	NA	NA
NW_025318339.1	1	7358	49.06	50	57	49.81	0.95	0.27	0.26	NA	NA	NA
NW_025318340.1	1	7331	36	36	34	35.97	0.68	0.23	0.19	NA	NA	NA
NW_025318341.1	1	7254	35.82	35	33	35.67	0.68	0.23	0.18	NA	NA	NA
NW_025318342.1	1	7207	54.28	54	53	54.1	1.03	0.28	0.28	NA	NA	NA
NW_025318343.1	1	7189	48.74	48	47	48.39	0.92	0.26	0.25	NA	NA	NA
NW_025318344.1	1	7155	48.66	48	48	48.09	0.91	0.26	0.25	NA	NA	NA
NW_025318345.1	1	7120	40.54	48	48	41.16	0.78	0.24	0.21	NA	NA	NA
NW_025318346.1	1	7105	44.12	45	45	44.67	0.85	0.25	0.23	NA	NA	NA
NW_025318347.1	1	7092	50.58	50	50	50.59	0.96	0.27	0.26	NA	NA	NA
NW_025318348.1	1	7086	52.87	52	50	52.51	1	0.27	0.27	NA	NA	NA
NW_025318349.1	1	7048	65.99	68	68	66.51	1.26	0.31	0.34	NA	NA	NA
NW_025318350.1	1	7036	51.26	52	53	51.53	0.98	0.27	0.27	NA	NA	NA
NW_025318351.1	1	7032	50.09	51	54	50.26	0.96	0.27	0.26	NA	NA	NA
NW_025318352.1	1	7014	53.5	54	50	53.4	1.01	0.28	0.28	NA	NA	NA
NW_025318353.1	1	7014	55.55	56	56	55.77	1.06	0.28	0.29	NA	NA	NA
NW_025318354.1	1	7002	36.63	38	38	37.32	0.71	0.23	0.19	NA	NA	NA
NW_025318355.1	1	6989	22.06	23	23	22.17	0.42	0.18	0.11	NA	NA	NA
NW_025318356.1	1	6982	43.41	43	44	43.43	0.83	0.25	0.23	NA	NA	NA
NW_025318357.1	1	6982	41.3	41	41	41.01	0.78	0.24	0.21	NA	NA	NA
NW_025318358.1	1	6975	53.03	53	52	53.02	1.01	0.28	0.27	NA	NA	NA
NW_025318359.1	1	6974	43.97	46	47	44.25	0.84	0.25	0.23	NA	NA	NA
NW_025318360.1	1	6965	42.27	41	39	42.13	0.8	0.25	0.22	NA	NA	NA
NW_025318361.1	1	6963	56.71	57	60	57.01	1.08	0.29	0.3	NA	NA	NA
NW_025318362.1	1	6955	46	46	44	46.14	0.88	0.26	0.24	NA	NA	NA
NW_025318363.1	1	6945	51.47	50	52	50.65	0.96	0.27	0.26	NA	NA	NA
NW_025318364.1	1	6913	48.07	48	52	48.23	0.92	0.26	0.25	NA	NA	NA
NW_025318365.1	1	6901	51.89	59	63	54.61	1.04	0.28	0.28	NA	NA	NA
NW_025318366.1	1	6891	51.49	51	51	51.81	0.98	0.27	0.27	NA	NA	NA
NW_025318367.1	1	6849	52.69	53	53	52.73	1	0.28	0.27	NA	NA	NA
NW_025318368.1	1	6768	53.76	56	47	54.04	1.03	0.28	0.28	NA	NA	NA
NW_025318369.1	1	6687	16.46	16	15	16.6	0.32	0.15	0.09	NA	NA	NA
NW_025318370.1	1	6534	49.18	49	49	49.14	0.93	0.27	0.25	NA	NA	NA
NW_025318371.1	1	6456	37.97	38	37	37.9	0.72	0.23	0.2	NA	NA	NA
NW_025318372.1	1	6418	40.97	41	41	41.1	0.78	0.24	0.21	NA	NA	NA
NW_025318373.1	1	6346	39.38	38	38	37.63	0.71	0.23	0.2	NA	NA	NA
NW_025318374.1	1	6307	61.22	62	62	61.52	1.17	0.3	0.32	NA	NA	NA
NW_025318375.1	1	6286	50.42	51	52	50.66	0.96	0.27	0.26	NA	NA	NA
NW_025318376.1	1	6241	38.55	37	37	38.47	0.73	0.23	0.2	NA	NA	NA
NW_025318377.1	1	6240	42.97	44	44	43.33	0.82	0.25	0.22	NA	NA	NA
NW_025318378.1	1	6226	51.71	51	50	51.29	0.97	0.27	0.27	NA	NA	NA
NW_025318379.1	1	6212	50.54	51	52	51.08	0.97	0.27	0.26	NA	NA	NA
NW_025318380.1	1	6158	41.24	40	40	41.26	0.78	0.24	0.21	NA	NA	NA
NW_025318381.1	1	6131	42.66	43	43	42.8	0.81	0.25	0.22	NA	NA	NA
NW_025318382.1	1	6075	42.05	43	47	42.4	0.81	0.25	0.22	NA	NA	NA
NW_025318383.1	1	6057	61.78	62	63	61.84	1.18	0.3	0.32	NA	NA	NA
NW_025318384.1	1	6047	47.82	48	47	47.89	0.91	0.26	0.25	NA	NA	NA
NW_025318385.1	1	6037	45.58	45	45	45.43	0.86	0.26	0.24	NA	NA	NA
NW_025318386.1	1	6026	38.49	43	45	43.22	0.82	0.25	0.22	NA	NA	NA
NW_025318387.1	1	6012	49.04	49	50	49.38	0.94	0.27	0.26	NA	NA	NA
NW_025318388.1	1	6012	47.24	48	48	47.51	0.9	0.26	0.25	NA	NA	NA
NW_025318389.1	1	6011	32.88	33	33	32.79	0.62	0.22	0.17	NA	NA	NA
NW_025318390.1	1	6008	41.26	42	42	41.38	0.79	0.24	0.21	NA	NA	NA
NW_025318391.1	1	6007	51.53	52	52	51.74	0.98	0.27	0.27	NA	NA	NA
NW_025318392.1	1	5998	54.36	54	53	54.35	1.03	0.28	0.28	NA	NA	NA
NW_025318393.1	1	5996	53.59	54	53	53.69	1.02	0.28	0.28	NA	NA	NA
NW_025318394.1	1	5996	41.7	42	44	42	0.8	0.25	0.22	NA	NA	NA
NW_025318395.1	1	5994	45.27	45	45	45.3	0.86	0.25	0.23	NA	NA	NA
NW_025318396.1	1	5991	59.34	60	59	59.88	1.14	0.29	0.31	NA	NA	NA
NW_025318397.1	1	5988	47.82	47	47	47.8	0.91	0.26	0.25	NA	NA	NA
NW_025318398.1	1	5983	58.61	59	60	59.36	1.13	0.29	0.31	NA	NA	NA
NW_025318399.1	1	5973	29.51	29	26	29.38	0.56	0.21	0.15	NA	NA	NA
NW_025318400.1	1	5971	54.49	52	59	54.37	1.03	0.28	0.28	NA	NA	NA
NW_025318401.1	1	5970	24.6	26	34	24.72	0.47	0.19	0.13	NA	NA	NA
NW_025318402.1	1	5956	29.75	30	27	29.65	0.56	0.21	0.15	NA	NA	NA
NW_025318403.1	1	5947	12.2	13	14	12.93	0.25	0.14	0.07	NA	NA	NA
NW_025318404.1	1	5938	44.74	45	42	44.67	0.85	0.25	0.23	NA	NA	NA
NW_025318405.1	1	5923	51.91	52	49	51.87	0.99	0.27	0.27	NA	NA	NA
NW_025318406.1	1	5896	45.36	46	43	45.46	0.86	0.26	0.24	NA	NA	NA
NW_025318407.1	1	5877	42.51	43	44	42.86	0.81	0.25	0.22	NA	NA	NA
NW_025318408.1	1	5852	44.25	45	45	44.96	0.85	0.25	0.23	NA	NA	NA
NW_025318409.1	1	5831	39.13	40	40	39.71	0.75	0.24	0.21	NA	NA	NA
NW_025318410.1	1	5804	61.13	61	61	60.1	1.14	0.29	0.31	NA	NA	NA
NW_025318411.1	1	5795	56.12	56	56	56.21	1.07	0.28	0.29	NA	NA	NA
NW_025318412.1	1	5747	49.23	50	48	49.41	0.94	0.27	0.26	NA	NA	NA
NW_025318413.1	1	5742	53.81	54	53	53.87	1.02	0.28	0.28	NA	NA	NA
NW_025318414.1	1	5740	53.41	54	49	53.39	1.01	0.28	0.28	NA	NA	NA
NW_025318415.1	1	5726	44.7	50	51	49.86	0.95	0.27	0.26	NA	NA	NA
NW_025318416.1	1	5695	45.54	45	45	45.63	0.87	0.26	0.24	NA	NA	NA
NW_025318417.1	1	5667	50.91	51	50	50.9	0.97	0.27	0.26	NA	NA	NA
NW_025318418.1	1	5664	30.41	31	31	30.65	0.58	0.21	0.16	NA	NA	NA
NW_025318419.1	1	5547	34.5	34	36	34.61	0.66	0.22	0.18	NA	NA	NA
NW_025318420.1	1	5537	50.77	52	53	51.14	0.97	0.27	0.27	NA	NA	NA
NW_025318421.1	1	5520	59.9	60	61	60.04	1.14	0.29	0.31	NA	NA	NA
NW_025318422.1	1	5515	49.05	49	45	48.95	0.93	0.26	0.25	NA	NA	NA
NW_025318423.1	1	5493	56.75	57	58	57.08	1.08	0.29	0.3	NA	NA	NA
NW_025318424.1	1	5481	46.6	47	49	46.74	0.89	0.26	0.24	NA	NA	NA
NW_025318425.1	1	5476	45.16	46	46	45.24	0.86	0.25	0.23	NA	NA	NA
NW_025318426.1	1	5309	42.33	42	41	42.59	0.81	0.25	0.22	NA	NA	NA
NW_025318427.1	1	5229	46.81	47	49	46.79	0.89	0.26	0.24	NA	NA	NA
NW_025318428.1	1	5226	61.43	61	60	61.47	1.17	0.3	0.32	NA	NA	NA
NW_025318429.1	1	5172	36.25	36	36	36.73	0.7	0.23	0.19	NA	NA	NA
NW_025318430.1	1	5137	43.24	43	41	42.8	0.81	0.25	0.22	NA	NA	NA
NW_025318431.1	1	5129	41.81	41	40	41.82	0.79	0.24	0.22	NA	NA	NA
NW_025318432.1	1	5097	45.11	45	48	45.42	0.86	0.26	0.24	NA	NA	NA
NW_025318433.1	1	5083	15.19	15	17	15.3	0.29	0.15	0.08	NA	NA	NA
NW_025318434.1	1	5078	59.21	60	61	59.37	1.13	0.29	0.31	NA	NA	NA
NW_025318435.1	1	5047	43.74	43	49	43.72	0.83	0.25	0.23	NA	NA	NA
NW_025318436.1	1	5031	46.73	48	48	46.88	0.89	0.26	0.24	NA	NA	NA
NW_025318437.1	1	5024	46.07	45	43	46.11	0.88	0.26	0.24	NA	NA	NA
NW_025318438.1	1	5023	40.26	41	45	40.41	0.77	0.24	0.21	NA	NA	NA
NW_025318439.1	1	5020	46.96	47	47	46.84	0.89	0.26	0.24	NA	NA	NA
NW_025318440.1	1	5016	60.04	60	60	60.07	1.14	0.29	0.31	NA	NA	NA
NW_025318441.1	1	5005	64.34	64	64	64.42	1.22	0.3	0.33	NA	NA	NA
NW_025318442.1	1	5004	52.84	53	54	52.96	1.01	0.28	0.27	NA	NA	NA
NW_025318443.1	1	5004	41.38	44	44	41.78	0.79	0.24	0.22	NA	NA	NA
NW_025318444.1	1	4992	47.55	47	43	47.11	0.9	0.26	0.24	NA	NA	NA
NW_025318445.1	1	4991	52.76	53	54	52.95	1.01	0.28	0.27	NA	NA	NA
NW_025318446.1	1	4986	50.82	52	52	51.33	0.98	0.27	0.27	NA	NA	NA
NW_025318447.1	1	4963	44.34	44	44	44.21	0.84	0.25	0.23	NA	NA	NA
NW_025318448.1	1	4946	45.59	46	46	46.11	0.88	0.26	0.24	NA	NA	NA
NW_025318449.1	1	4907	55.58	56	56	55.76	1.06	0.28	0.29	NA	NA	NA
NW_025318450.1	1	4850	24.78	21	20	20.54	0.39	0.17	0.11	NA	NA	NA
NW_025318451.1	1	4847	48.53	48	63	48.55	0.92	0.26	0.25	NA	NA	NA
NW_025318452.1	1	4818	40.9	41	41	40.96	0.78	0.24	0.21	NA	NA	NA
NW_025318453.1	1	4741	37.1	40	40	41.11	0.78	0.24	0.21	NA	NA	NA
NW_025318454.1	1	4692	47.63	48	51	48.02	0.91	0.26	0.25	NA	NA	NA
NW_025318455.1	1	4688	52.81	53	51	52.79	1	0.28	0.27	NA	NA	NA
NW_025318456.1	1	4682	37.05	37	36	37.08	0.7	0.23	0.19	NA	NA	NA
NW_025318457.1	1	4675	57.04	57	57	57.01	1.08	0.29	0.3	NA	NA	NA
NW_025318458.1	1	4606	11.54	11	9	11.37	0.22	0.13	0.06	NA	NA	NA
NW_025318459.1	1	4593	57.47	57	57	57.8	1.1	0.29	0.3	NA	NA	NA
NW_025318460.1	1	4511	56.55	58	59	56.95	1.08	0.29	0.3	NA	NA	NA
NW_025318461.1	1	4357	53.38	54	54	53.5	1.02	0.28	0.28	NA	NA	NA
NW_025318462.1	1	4330	46.08	46	46	46.09	0.88	0.26	0.24	NA	NA	NA
NW_025318463.1	1	4308	57.43	58	58	57.52	1.09	0.29	0.3	NA	NA	NA
NW_025318464.1	1	4296	47.52	47	47	47.42	0.9	0.26	0.25	NA	NA	NA
NW_025318465.1	1	4246	61.65	62	63	61.9	1.18	0.3	0.32	NA	NA	NA
NW_025318466.1	1	4213	53.28	53	56	53.3	1.01	0.28	0.28	NA	NA	NA
NW_025318467.1	1	4171	56.24	57	57	56.87	1.08	0.29	0.29	NA	NA	NA
NW_025318468.1	1	4140	53.73	54	53	54.01	1.03	0.28	0.28	NA	NA	NA
NW_025318469.1	1	4124	47.5	47	51	47.47	0.9	0.26	0.25	NA	NA	NA
NW_025318470.1	1	4106	47.72	48	49	47.79	0.91	0.26	0.25	NA	NA	NA
NW_025318471.1	1	4097	46.42	47	47	46.55	0.88	0.26	0.24	NA	NA	NA
NW_025318472.1	1	4090	39.07	39	39	39.13	0.74	0.24	0.2	NA	NA	NA
NW_025318473.1	1	4088	61.82	63	64	62.18	1.18	0.3	0.32	NA	NA	NA
NW_025318474.1	1	4057	47.91	48	45	47.96	0.91	0.26	0.25	NA	NA	NA
NW_025318475.1	1	4054	56.21	56	56	56.23	1.07	0.28	0.29	NA	NA	NA
NW_025318476.1	1	4018	54.37	54	53	54.39	1.03	0.28	0.28	NA	NA	NA
NW_025318477.1	1	4014	46.16	46	47	46.51	0.88	0.26	0.24	NA	NA	NA
NW_025318478.1	1	4012	52.45	52	52	52.48	1	0.27	0.27	NA	NA	NA
NW_025318479.1	1	4012	18.73	19	19	19.59	0.37	0.17	0.1	NA	NA	NA
NW_025318480.1	1	4009	46.53	47	49	46.69	0.89	0.26	0.24	NA	NA	NA
NW_025318481.1	1	4005	33.61	33	32	33.5	0.64	0.22	0.17	NA	NA	NA
NW_025318482.1	1	4003	15.98	16	20	16.14	0.31	0.15	0.08	NA	NA	NA
NW_025318483.1	1	3999	35.38	35	35	35.35	0.67	0.23	0.18	NA	NA	NA
NW_025318484.1	1	3997	45.08	46	48	45.26	0.86	0.25	0.23	NA	NA	NA
NW_025318485.1	1	3995	32.49	31	29	32.3	0.61	0.22	0.17	NA	NA	NA
NW_025318486.1	1	3991	46.15	50	52	46.98	0.89	0.26	0.24	NA	NA	NA
NW_025318487.1	1	3989	44.02	45	46	43.82	0.83	0.25	0.23	NA	NA	NA
NW_025318488.1	1	3987	52.91	55	55	54.12	1.03	0.28	0.28	NA	NA	NA
NW_025318489.1	1	3984	27.2	26	26	26.93	0.51	0.2	0.14	NA	NA	NA
NW_025318490.1	1	3984	51.59	52	53	51.89	0.99	0.27	0.27	NA	NA	NA
NW_025318491.1	1	3978	53.14	53	54	53.35	1.01	0.28	0.28	NA	NA	NA
NW_025318492.1	1	3971	39.98	40	40	40.05	0.76	0.24	0.21	NA	NA	NA
NW_025318493.1	1	3962	58.3	60	60	59.32	1.13	0.29	0.31	NA	NA	NA
NW_025318494.1	1	3953	59.44	59	63	59.38	1.13	0.29	0.31	NA	NA	NA
NW_025318495.1	1	3948	25.74	28	29	26.57	0.5	0.2	0.14	NA	NA	NA
NW_025318496.1	1	3913	27.63	29	30	27.91	0.53	0.2	0.14	NA	NA	NA
NW_025318497.1	1	3897	45.46	46	46	45.88	0.87	0.26	0.24	NA	NA	NA
NW_025318498.1	1	3888	33.11	33	34	33.13	0.63	0.22	0.17	NA	NA	NA
NW_025318499.1	1	3862	55.46	55	55	55.24	1.05	0.28	0.29	NA	NA	NA
NW_025318500.1	1	3839	47.17	49	50	48.28	0.92	0.26	0.25	NA	NA	NA
NW_025318501.1	1	3687	42.6	43	44	42.68	0.81	0.25	0.22	NA	NA	NA
NW_025318502.1	1	3646	49.19	49	49	49.51	0.94	0.27	0.26	NA	NA	NA
NW_025318503.1	1	3626	20.6	20	20	20.56	0.39	0.17	0.11	NA	NA	NA
NW_025318504.1	1	3579	51.67	52	51	51.72	0.98	0.27	0.27	NA	NA	NA
NW_025318505.1	1	3545	55.4	56	55	55.57	1.06	0.28	0.29	NA	NA	NA
NW_025318506.1	1	3481	51.03	52	52	51.74	0.98	0.27	0.27	NA	NA	NA
NW_025318507.1	1	3479	62.97	63	62	63.01	1.2	0.3	0.33	NA	NA	NA
NW_025318508.1	1	3469	165.42	168	168	166.95	3.17	0.49	0.87	NA	NA	NA
NW_025318509.1	1	3410	50.62	51	51	50.55	0.96	0.27	0.26	NA	NA	NA
NW_025318510.1	1	3404	18.75	20	22	19.25	0.37	0.17	0.1	NA	NA	NA
NW_025318511.1	1	3334	43.88	43	43	43.89	0.83	0.25	0.23	NA	NA	NA
NW_025318512.1	1	3304	54.86	54	54	54.91	1.04	0.28	0.28	NA	NA	NA
NW_025318513.1	1	3299	50.65	51	50	50.74	0.96	0.27	0.26	NA	NA	NA
NW_025318514.1	1	3295	41.08	41	40	41.15	0.78	0.24	0.21	NA	NA	NA
NW_025318515.1	1	3292	51.77	52	50	51.93	0.99	0.27	0.27	NA	NA	NA
NW_025318516.1	1	3284	48.99	50	52	49.17	0.93	0.27	0.25	NA	NA	NA
NW_025318517.1	1	3247	11.6	12	12	11.8	0.22	0.13	0.06	NA	NA	NA
NW_025318518.1	1	3232	50.05	50	51	50.27	0.96	0.27	0.26	NA	NA	NA
NW_025318519.1	1	3211	53.81	54	52	53.82	1.02	0.28	0.28	NA	NA	NA
NW_025318520.1	1	3210	50.82	51	50	50.82	0.97	0.27	0.26	NA	NA	NA
NW_025318521.1	1	3205	44.55	45	45	44.73	0.85	0.25	0.23	NA	NA	NA
NW_025318522.1	1	3203	44.31	45	47	44.94	0.85	0.25	0.23	NA	NA	NA
NW_025318523.1	1	3189	53.58	53	52	53.59	1.02	0.28	0.28	NA	NA	NA
NW_025318524.1	1	3138	50.55	49	49	51.02	0.97	0.27	0.26	NA	NA	NA
NW_025318525.1	1	3104	38.33	39	40	38.5	0.73	0.23	0.2	NA	NA	NA
NW_025318526.1	1	3099	29.22	19	18	28.36	0.54	0.2	0.15	NA	NA	NA
NW_025318527.1	1	3083	95.55	104	118	96.67	1.84	0.37	0.5	NA	NA	NA
NW_025318528.1	1	3045	40.82	41	43	41.15	0.78	0.24	0.21	NA	NA	NA
NW_025318529.1	1	3022	43.31	43	47	43.62	0.83	0.25	0.23	NA	NA	NA
NW_025318530.1	1	3018	60.68	60	60	60.69	1.15	0.3	0.31	NA	NA	NA
NW_025318531.1	1	3013	49.16	49	49	49.25	0.94	0.27	0.26	NA	NA	NA
NW_025318532.1	1	3010	45.2	46	49	45.45	0.86	0.26	0.24	NA	NA	NA
NW_025318533.1	1	3008	71.29	72	72	71.76	1.36	0.32	0.37	NA	NA	NA
NW_025318534.1	1	3008	47.31	47	49	47.53	0.9	0.26	0.25	NA	NA	NA
NW_025318535.1	1	3007	56.7	57	55	56.75	1.08	0.29	0.29	NA	NA	NA
NW_025318536.1	1	3006	48.29	49	49	48.45	0.92	0.26	0.25	NA	NA	NA
NW_025318537.1	1	3005	51.7	51	51	51.25	0.97	0.27	0.27	NA	NA	NA
NW_025318538.1	1	3005	43.25	43	43	43.47	0.83	0.25	0.23	NA	NA	NA
NW_025318539.1	1	3003	50.48	51	50	50.76	0.96	0.27	0.26	NA	NA	NA
NW_025318540.1	1	3002	67.95	68	68	68.04	1.29	0.31	0.35	NA	NA	NA
NW_025318541.1	1	3002	43.91	45	45	44.1	0.84	0.25	0.23	NA	NA	NA
NW_025318542.1	1	3000	44.35	44.5	44	44.57	0.85	0.25	0.23	NA	NA	NA
NW_025318543.1	1	2999	44.51	45	45	45.12	0.86	0.25	0.23	NA	NA	NA
NW_025318544.1	1	2999	42.79	43	45	42.85	0.81	0.25	0.22	NA	NA	NA
NW_025318545.1	1	2998	57.46	57	56	57.42	1.09	0.29	0.3	NA	NA	NA
NW_025318546.1	1	2994	48.88	49	47	48.88	0.93	0.26	0.25	NA	NA	NA
NW_025318547.1	1	2994	50.42	50	48	50.54	0.96	0.27	0.26	NA	NA	NA
NW_025318548.1	1	2993	44.99	45	46	45.06	0.86	0.25	0.23	NA	NA	NA
NW_025318549.1	1	2993	45.1	46	46	45.38	0.86	0.26	0.24	NA	NA	NA
NW_025318550.1	1	2992	13.18	13	13	13.23	0.25	0.14	0.07	NA	NA	NA
NW_025318551.1	1	2991	38.98	40	43	39.8	0.76	0.24	0.21	NA	NA	NA
NW_025318552.1	1	2985	9.3	10	10	9.35	0.18	0.12	0.05	NA	NA	NA
NW_025318553.1	1	2985	56.94	57	59	57.14	1.09	0.29	0.3	NA	NA	NA
NW_025318554.1	1	2985	40.25	40	39	40.27	0.77	0.24	0.21	NA	NA	NA
NW_025318555.1	1	2969	47.79	49	51	48.11	0.91	0.26	0.25	NA	NA	NA
NW_025318556.1	1	2966	64.47	65	65	64.79	1.23	0.3	0.34	NA	NA	NA
NW_025318557.1	1	2919	35.73	38	38	36	0.68	0.23	0.19	NA	NA	NA
NW_025318558.1	1	2913	49.76	50	49	50.01	0.95	0.27	0.26	NA	NA	NA
NW_025318559.1	1	2898	36.44	36	36	36.5	0.69	0.23	0.19	NA	NA	NA
NW_025318560.1	1	2896	51.91	52	52	51.91	0.99	0.27	0.27	NA	NA	NA
NW_025318561.1	1	2886	45.36	46	47	45.54	0.87	0.26	0.24	NA	NA	NA
NW_025318562.1	1	2881	52.95	53	54	53.07	1.01	0.28	0.28	NA	NA	NA
NW_025318563.1	1	2826	56.01	57	57	56.31	1.07	0.28	0.29	NA	NA	NA
NW_025318564.1	1	2821	55.62	55	55	55.75	1.06	0.28	0.29	NA	NA	NA
NW_025318565.1	1	2791	37.95	38	38	38.44	0.73	0.23	0.2	NA	NA	NA
NW_025318566.1	1	2713	55.46	55	53	55.53	1.06	0.28	0.29	NA	NA	NA
NW_025318567.1	1	2710	46.93	48	47	48.29	0.92	0.26	0.25	NA	NA	NA
NW_025318568.1	1	2672	53.52	58	58	54.32	1.03	0.28	0.28	NA	NA	NA
NW_025318569.1	1	2664	52.67	52	55	52.8	1	0.28	0.27	NA	NA	NA
NW_025318570.1	1	2578	40.08	40	40	40.12	0.76	0.24	0.21	NA	NA	NA
NW_025318571.1	1	2556	39.81	40	38	39.84	0.76	0.24	0.21	NA	NA	NA
NW_025318572.1	1	2523	27.43	28	30	27.56	0.52	0.2	0.14	NA	NA	NA
NW_025318573.1	1	2490	11.63	12	10	11.78	0.22	0.13	0.06	NA	NA	NA
NW_025318574.1	1	2459	57.32	57	58	57.43	1.09	0.29	0.3	NA	NA	NA
NW_025318575.1	1	2332	35.34	37	37	35.71	0.68	0.23	0.19	NA	NA	NA
NW_025318576.1	1	2305	70.18	70	71	70.28	1.34	0.32	0.36	NA	NA	NA
NW_025318577.1	1	2290	62.31	63	63	62.76	1.19	0.3	0.33	NA	NA	NA
NW_025318578.1	1	2266	49.46	50	51	49.65	0.94	0.27	0.26	NA	NA	NA
NW_025318579.1	1	2250	55.2	55	57	55.32	1.05	0.28	0.29	NA	NA	NA
NW_025318580.1	1	2248	43.61	43	42	43.5	0.83	0.25	0.23	NA	NA	NA
NW_025318581.1	1	2247	55.75	56	56	55.88	1.06	0.28	0.29	NA	NA	NA
NW_025318582.1	1	2218	54.29	54	54	54.42	1.03	0.28	0.28	NA	NA	NA
NW_025318583.1	1	2154	41.89	42	42	42	0.8	0.25	0.22	NA	NA	NA
NW_025318584.1	1	2060	45.63	50	52	46.73	0.89	0.26	0.24	NA	NA	NA
NW_025318585.1	1	2040	50.61	49	49	50.59	0.96	0.27	0.26	NA	NA	NA
NW_025318586.1	1	2038	49.82	50	50	49.93	0.95	0.27	0.26	NA	NA	NA
NW_025318587.1	1	2033	33.44	33	32	33.46	0.64	0.22	0.17	NA	NA	NA
NW_025318588.1	1	2030	148.94	53	35	46.4	0.88	0.26	0.24	NA	NA	NA
NW_025318589.1	1	2023	60.06	60	59	60.53	1.15	0.29	0.31	NA	NA	NA
NW_025318590.1	1	2018	37	37	37	37.05	0.7	0.23	0.19	NA	NA	NA
NW_025318591.1	1	2017	47.08	48	48	47.58	0.9	0.26	0.25	NA	NA	NA
NW_025318592.1	1	2014	47.6	49	50	48.08	0.91	0.26	0.25	NA	NA	NA
NW_025318593.1	1	2013	51.85	51	51	51.57	0.98	0.27	0.27	NA	NA	NA
NW_025318594.1	1	2010	60.47	62	62	60.71	1.15	0.3	0.31	NA	NA	NA
NW_025318595.1	1	2009	43.85	44	44	43.96	0.84	0.25	0.23	NA	NA	NA
NW_025318596.1	1	2005	46.73	47	48	46.73	0.89	0.26	0.24	NA	NA	NA
NW_025318597.1	1	2004	39.45	40	41	39.98	0.76	0.24	0.21	NA	NA	NA
NW_025318598.1	1	2002	43.68	44	44	43.79	0.83	0.25	0.23	NA	NA	NA
NW_025318599.1	1	2002	53.54	53	53	53.42	1.02	0.28	0.28	NA	NA	NA
NW_025318600.1	1	2000	49.13	50	50	49.43	0.94	0.27	0.26	NA	NA	NA
NW_025318601.1	1	1999	58.02	58	57	58.15	1.1	0.29	0.3	NA	NA	NA
NW_025318602.1	1	1995	53.15	53	54	53.24	1.01	0.28	0.28	NA	NA	NA
NW_025318603.1	1	1992	46.88	47	48	47.28	0.9	0.26	0.25	NA	NA	NA
NW_025318604.1	1	1991	48.84	49	49	49.27	0.94	0.27	0.26	NA	NA	NA
NW_025318605.1	1	1991	55.47	56	54	55.52	1.06	0.28	0.29	NA	NA	NA
NW_025318606.1	1	1990	46.62	46	46	46.69	0.89	0.26	0.24	NA	NA	NA
NW_025318607.1	1	1969	59.18	59	59	59.26	1.13	0.29	0.31	NA	NA	NA
NW_025318608.1	1	1968	29.98	28	28	27.77	0.53	0.2	0.14	NA	NA	NA
NW_025318609.1	1	1884	43.74	43	42	43.72	0.83	0.25	0.23	NA	NA	NA
NW_025318610.1	1	1643	49.13	49	50	49.32	0.94	0.27	0.26	NA	NA	NA
NW_025318611.1	1	1004	69.34	70	70	70.03	1.33	0.32	0.36	NA	NA	NA
NW_025318612.1	1	1004	60.05	62	62	60.3	1.15	0.29	0.31	NA	NA	NA
NW_025318613.1	1	1003	26.02	26	25	26.12	0.5	0.19	0.14	NA	NA	NA
NW_025318614.1	1	1002	55.19	55	55	55.31	1.05	0.28	0.29	NA	NA	NA
NW_025318615.1	1	1001	56.93	58	59	57.47	1.09	0.29	0.3	NA	NA	NA
NW_025318616.1	1	1001	45.55	45	47	45.58	0.87	0.26	0.24	NA	NA	NA
NW_025318617.1	1	1000	38.25	38	38	38.42	0.73	0.23	0.2	NA	NA	NA
NW_025318618.1	1	999	72.74	74	75	73.33	1.39	0.32	0.38	NA	NA	NA
NW_025318619.1	1	998	50.29	50	50	50.48	0.96	0.27	0.26	NA	NA	NA
NW_025318620.1	1	997	49.51	50	50	49.75	0.95	0.27	0.26	NA	NA	NA
NW_025318621.1	1	992	47.84	49	49	48.54	0.92	0.26	0.25	NA	NA	NA
NW_025318622.1	1	987	44.89	46	46	45.43	0.86	0.26	0.24	NA	NA	NA
NW_025318623.1	1	985	55.27	56	56	56.4	1.07	0.28	0.29	NA	NA	NA
NW_025318624.1	1	984	57.37	58	58	57.54	1.09	0.29	0.3	NA	NA	NA
NW_025318625.1	1	974	55.1	57	58	55.94	1.06	0.28	0.29	NA	NA	NA
